ilan_no;kategori;fiyat;oda_sayisi;m2;bulundugu_kat;bina_yasi;isinma_tipi;tapu_durumu;banyo_sayisi;kat_sayisi;krediye_uygun;esya_durumu;firma_adi;ilan_tarihi;ilce;mahalle;url
9228-43;Kiralık;25000;3 +                              1;115;3. Kat;15;Kombi (Doğalgaz);Kat Mülkiyeti;1;3 Katlı;Evet;Boş;Aydınlık Emlak;2026/05/11;Çankaya;Mürsel Uluç Mah.;https://www.hepsiemlak.com/ankara-cankaya-mursel-uluc-kiralik/daire/9228-43
7464-7033;Kiralık;12500;2 +                              1;78;3. Kat;40;Kombi (Doğalgaz);Kat Mülkiyeti;1;5 Katlı;Evet;Boş;Zerre Emlak;2026/05/11;Altındağ;Örnek Mah.;https://www.hepsiemlak.com/ankara-altindag-ornek-kiralik/daire/7464-7033
33976-792;Kiralık;50000;3 +                              1;130;1. Kat;30;Kombi (Doğalgaz);Kat Mülkiyeti;1;3 Katlı;Evet;Boş;Malika Emlak;2026/04/25;Çankaya;Ayrancı Mah.;https://www.hepsiemlak.com/ankara-cankaya-ayranci-kiralik/daire/33976-792
33976-677;Kiralık;43000;3 +                              1;110;3. Kat;30;Kombi (Doğalgaz);Kat Mülkiyeti;1;3 Katlı;Evet;Boş;Malika Emlak;2026/05/06;Çankaya;Güvenevler Mah.;https://www.hepsiemlak.com/ankara-cankaya-guvenevler-kiralik/daire/33976-677
9595-2510;Kiralık;36000;3 +                              1;120;3. Kat;45;Kombi (Doğalgaz);Kat Mülkiyeti;1;3 Katlı;Evet;Boş;Karakuş Emlak;2026/05/11;Çankaya;Bahçelievler Mah.;https://www.hepsiemlak.com/ankara-cankaya-bahcelievler-kiralik/daire/9595-2510
126476-311;Kiralık;26000;2 +                              1;85;Yüksek Giriş;25;Kombi (Doğalgaz);Kat Mülkiyeti;1;3 Katlı;Evet;Boş;Doğuş Bey Gayrimenkul;2026/05/11;Mamak;Balkiraz Mah.;https://www.hepsiemlak.com/ankara-mamak-balkiraz-kiralik/daire/126476-311
126476-306;Kiralık;20000;3 +                              1;110;3. Kat;30;Kombi (Doğalgaz);Kat Mülkiyeti;1;3 Katlı;Evet;Boş;Doğuş Bey Gayrimenkul;2026/05/11;Mamak;Balkiraz Mah.;https://www.hepsiemlak.com/ankara-mamak-balkiraz-kiralik/daire/126476-306
16602-1881;Kiralık;65000;4 +                              1;179;1. Kat;35;Kombi (Doğalgaz);Kat Mülkiyeti;1;5 Katlı;Evet;Boş;Sweet Home Real Estate Agency;2026/05/11;Çankaya;Aziziye Mah.;https://www.hepsiemlak.com/ankara-cankaya-aziziye-kiralik/daire/16602-1881
43511-8378;Kiralık;24999;3 +                              1;110;Ara Kat;32;Kombi (Doğalgaz);Kat Mülkiyeti;1;3 Katlı;Evet;Boş;Reco Suit Emlak;2026/05/11;Çankaya;Osman Temiz Mah.;https://www.hepsiemlak.com/ankara-cankaya-osman-temiz-kiralik/daire/43511-8378
112780-190;Kiralık;45000;3 +                              1;160;Ara Kat;50;Kombi (Doğalgaz);Kat Mülkiyeti;1;7 Katlı;Evet;Boş;İncesu Emlak;2026/05/09;Çankaya;Korkutreis Mah.;https://www.hepsiemlak.com/ankara-cankaya-korkutreis-kiralik/daire/112780-190
130361-1688;Kiralık;25000;3 +                              1;130;1. Kat;1;Kombi (Doğalgaz);Kat Mülkiyeti;1;3 Katlı;Evet;Boş;Neva Gayrimenkul;2026/05/11;Sincan;29 Ekim Mah.;https://www.hepsiemlak.com/ankara-sincan-29-ekim-kiralik/daire/130361-1688
4744-12266;Kiralık;50000;3 +                              1;120;Zemin;26;Kombi (Doğalgaz);Kat Mülkiyeti;1;10 Katlı;Evet;Boş;Remax Can (ümitköy);2026/05/07;Çankaya;Ümit Mah.;https://www.hepsiemlak.com/ankara-cankaya-umit-kiralik/daire/4744-12266
4744-12273;Kiralık;38000;3 +                              1;120;3. Kat;21;Kombi (Doğalgaz);Kat Mülkiyeti;1;4 Katlı;Evet;Boş;Remax Can (ümitköy);2026/05/06;Çankaya;Mutlukent Mah.;https://www.hepsiemlak.com/ankara-cankaya-mutlukent-kiralik/daire/4744-12273
2412-3081;Kiralık;45000;3 +                              1;135;2. Kat;30;Kombi (Doğalgaz);Kat Mülkiyeti;1;4 Katlı;Evet;Boş;Turyap Ankara Gaziosmanpaşa Temsilciliği;2026/05/04;Çankaya;Birlik Mah.;https://www.hepsiemlak.com/ankara-cankaya-birlik-kiralik/daire/2412-3081
2412-3080;Kiralık;28000;2 +                              1;90;Kot 2;40;Kombi (Doğalgaz);Kat Mülkiyeti;1;2 Katlı;Evet;Boş;Turyap Ankara Gaziosmanpaşa Temsilciliği;2026/04/29;Çankaya;Tınaztepe Mah.;https://www.hepsiemlak.com/ankara-cankaya-tinaztepe-kiralik/daire/2412-3080
168892-3;Kiralık;56500;1 +                              1;125;10. Kat;2;Kombi (Doğalgaz);Kat Mülkiyeti;1;24 Katlı;Evet;Boş;Lk Group Gayrimenkul;2026/05/07;Çankaya;Konutkent Mah.;https://www.hepsiemlak.com/ankara-cankaya-konutkent-kiralik/daire/168892-3
1170-7418;Kiralık;33000;1 +                              1;50;Giriş Katı;8;Kombi (Doğalgaz);Kat Mülkiyeti;1;4 Katlı;Evet;Boş;Ader Gayrimenkul;2026/05/07;Çankaya;Emek Mah.;https://www.hepsiemlak.com/ankara-cankaya-emek-kiralik/daire/1170-7418
1170-7423;Kiralık;50000;3 +                              1;110;3. Kat;35;Kombi (Doğalgaz);Kat Mülkiyeti;1;3 Katlı;Evet;Boş;Ader Gayrimenkul;2026/05/08;Çankaya;Emek Mah.;https://www.hepsiemlak.com/ankara-cankaya-emek-kiralik/daire/1170-7423
32665-1840;Kiralık;35000;3 +                              1;120;2. Kat;33;Kombi (Doğalgaz);Kat Mülkiyeti;1;2 Katlı;Evet;Boş;Gökhan Emlak;2026/05/06;Yenimahalle;Beştepe Mah.;https://www.hepsiemlak.com/ankara-yenimahalle-bestepe-kiralik/daire/32665-1840
39679-871;Kiralık;60000;4 +                              1;170;2. Kat;25;Kombi (Doğalgaz);Kat Mülkiyeti;1;5 Katlı;Evet;Boş;Aktüel Emlak;2026/05/06;Çankaya;Çukurambar Mah.;https://www.hepsiemlak.com/ankara-cankaya-cukurambar-kiralik/daire/39679-871
56708-1005;Kiralık;46500;1 +                              1;45;10. Kat;Sıfır Bina;Kombi (Doğalgaz);Kat Mülkiyeti;1;17 Katlı;Evet;Boş;Gönül Kılıçman Gayrimenkul Danışmanlık;2026/04/26;Çankaya;Alacaatlı Mah.;https://www.hepsiemlak.com/ankara-cankaya-alacaatli-kiralik/daire/56708-1005
23739-2823;Kiralık;23000;3 +                              1;110;Yüksek Giriş;30;Kombi (Doğalgaz);Kat Mülkiyeti;1;5 Katlı;Evet;Boş;Akademi Emlak;2026/05/05;Çankaya;Umut Mah.;https://www.hepsiemlak.com/ankara-cankaya-umut-kiralik/daire/23739-2823
4537-11599;Kiralık;37500;1 +                              1;45;Giriş Katı;38;Kombi (Doğalgaz);Kat Mülkiyeti;1;4 Katlı;Evet;Boş;Borsem Kuleli Temsilciliği;2026/05/04;Çankaya;Kazım Özalp Mah.;https://www.hepsiemlak.com/ankara-cankaya-kazim-ozalp-kiralik/daire/4537-11599
144788-55;Kiralık;22500;2 +                              1;80;1. Kat;15;Kombi (Doğalgaz);Kat Mülkiyeti;1;3 Katlı;Evet;Boş;Ertürk Emlak;2026/05/04;Etimesgut;Piyade Mah.;https://www.hepsiemlak.com/ankara-etimesgut-piyade-kiralik/daire/144788-55
692109-154;Kiralık;11750;1 +                              1;45;Yüksek Giriş;Sıfır Bina;Kombi (Doğalgaz);Kat Mülkiyeti;1;3 Katlı;Evet;Boş;Alıcılar Gayrimenkul;2026/04/29;Çubuk;Dumlupınar Mah.;https://www.hepsiemlak.com/ankara-cubuk-dumlupinar-kiralik/daire/692109-154
6664-2553;Kiralık;145000;6 +                              1;320;;15;Kombi (Doğalgaz);Kat Mülkiyeti;1;3 Katlı;Evet;Boş;Er Emlak;2026/04/29;Etimesgut;Yeni Bağlıca Mah.;https://www.hepsiemlak.com/ankara-etimesgut-yeni-baglica-kiralik/villa/6664-2553
36856-4975;Kiralık;26000;3 +                              1;110;Giriş Katı;28;Kombi (Doğalgaz);Kat Mülkiyeti;1;3 Katlı;Evet;Boş;Soylu Gayrimenkul;2026/05/11;Çankaya;Harbiye Mah.;https://www.hepsiemlak.com/ankara-cankaya-harbiye-kiralik/daire/36856-4975
9089-3356;Kiralık;27000;3 +                              1;120;3. Kat;30;Kombi (Doğalgaz);Kat Mülkiyeti;1;3 Katlı;Evet;Boş;Çankaya Gayrimenkul;2026/05/11;Çankaya;İlkadım Mah.;https://www.hepsiemlak.com/ankara-cankaya-ilkadim-kiralik/daire/9089-3356
159380-266;Kiralık;22000;3 +                              1;125;3. Kat;20;Kombi (Doğalgaz);Kat Mülkiyeti;1;3 Katlı;Evet;Boş;Hayal Emlak;2026/05/11;Keçiören;Çaldıran Mah.;https://www.hepsiemlak.com/ankara-kecioren-caldiran-kiralik/daire/159380-266
15487-2924;Kiralık;26000;3 +                              1;120;2. Kat;14;Kombi (Doğalgaz);Kat Mülkiyeti;1;3 Katlı;Evet;Boş;-;2026/05/11;Etimesgut;Atakent Mah.;https://www.hepsiemlak.com/ankara-etimesgut-atakent-kiralik/daire/15487-2924
146479-128;Kiralık;47000;3 +                              1;145;Giriş Katı;6;Kombi (Doğalgaz);Kat Mülkiyeti;1;13 Katlı;Evet;Boş;Ayyıldız 89 Emlak;2026/05/11;Etimesgut;Şehit Osman Avcı Mah.;https://www.hepsiemlak.com/ankara-etimesgut-sehit-osman-avci-kiralik/daire/146479-128
1248-2593;Kiralık;30000;1 +                              1;65;Giriş Katı;6;Kombi (Doğalgaz);Kat Mülkiyeti;1;8 Katlı;Evet;Boş;Karan Gayrimenkul;2026/05/10;Çankaya;Büyükesat Mah.;https://www.hepsiemlak.com/ankara-cankaya-buyukesat-kiralik/daire/1248-2593
1248-2562;Kiralık;44000;1 +                              1;70;2. Kat;1;Kombi (Doğalgaz);Kat Mülkiyeti;1;3 Katlı;Evet;Boş;Karan Gayrimenkul;2026/05/11;Çankaya;Büyükesat Mah.;https://www.hepsiemlak.com/ankara-cankaya-buyukesat-kiralik/daire/1248-2562
129908-1266;Kiralık;35000;1 +                              1;55;Yüksek Giriş;Sıfır Bina;Kombi (Doğalgaz);Kat Mülkiyeti;1;3 Katlı;Evet;Boş;Mülk Merkezi Gayrimenkul;2026/05/11;Çankaya;Birlik Mah.;https://www.hepsiemlak.com/ankara-cankaya-birlik-kiralik/daire/129908-1266
129908-1272;Kiralık;39000;1 +                              1;55;1. Kat;6;Kombi (Doğalgaz);Kat Mülkiyeti;1;4 Katlı;Evet;Boş;Mülk Merkezi Gayrimenkul;2026/05/11;Çankaya;Oran Mah.;https://www.hepsiemlak.com/ankara-cankaya-oran-kiralik/daire/129908-1272
2533-2663;Kiralık;36000;1 +                              1;56;Yüksek Giriş;8;Kombi (Doğalgaz);Kat Mülkiyeti;1;3 Katlı;Evet;Boş;Cansu Emlak;2026/05/11;Çankaya;Yukarı Bahçelievler Mah.;https://www.hepsiemlak.com/ankara-cankaya-yukari-bahcelievler-kiralik/daire/2533-2663
139996-563;Kiralık;31500;4 +                              1;160;2. Kat;20;Kombi (Doğalgaz);Kat Mülkiyeti;1;3 Katlı;Evet;Boş;Veranka Invest Gayrimenkul;2026/05/11;Keçiören;Ayvalı Mah.;https://www.hepsiemlak.com/ankara-kecioren-ayvali-kiralik/daire/139996-563
9595-2508;Kiralık;50000;4 +                              1;140;3. Kat;30;Kombi (Doğalgaz);Kat Mülkiyeti;1;3 Katlı;Evet;Boş;Karakuş Emlak;2026/05/11;Çankaya;Emek Mah.;https://www.hepsiemlak.com/ankara-cankaya-emek-kiralik/daire/9595-2508
9595-2502;Kiralık;37000;3 +                              1;120;2. Kat;35;Kombi (Doğalgaz);Kat Mülkiyeti;1;3 Katlı;Evet;Boş;Karakuş Emlak;2026/05/11;Çankaya;Bahçelievler Mah.;https://www.hepsiemlak.com/ankara-cankaya-bahcelievler-kiralik/daire/9595-2502
1124-6306;Kiralık;35000;3 +                              1;130;1. Kat;35;Kombi (Doğalgaz);Kat Mülkiyeti;1;3 Katlı;Evet;Boş;Bircan Emlak;2026/05/11;Çankaya;Emek Mah.;https://www.hepsiemlak.com/ankara-cankaya-emek-kiralik/daire/1124-6306
136366-1081;Kiralık;25000;2 +                              1;90;6. Kat;13;Kombi (Doğalgaz);Kat Mülkiyeti;1;12 Katlı;Evet;Boş;Evka Gayrimenkul;2026/05/11;Etimesgut;Atayurt Mah.;https://www.hepsiemlak.com/ankara-etimesgut-atayurt-kiralik/daire/136366-1081
158970-35;Kiralık;60000;4 +                              1;180;8. Kat;5;Kombi (Doğalgaz);Kat Mülkiyeti;1;10 Katlı;Evet;Boş;-;2026/05/11;Yenimahalle;Yeni Batı Mah.;https://www.hepsiemlak.com/ankara-yenimahalle-yeni-bati-kiralik/daire/158970-35
16602-1904;Kiralık;45000;3 +                              1;124;En Üst Kat;45;Kombi (Doğalgaz);Kat Mülkiyeti;1;4 Katlı;Evet;Boş;Sweet Home Real Estate Agency;2026/05/11;Çankaya;Barbaros Mah.;https://www.hepsiemlak.com/ankara-cankaya-barbaros-kiralik/daire/16602-1904
16602-1913;Kiralık;60000;3 +                              1;145;1. Kat;35;Kombi (Doğalgaz);Kat Mülkiyeti;1;4 Katlı;Evet;Boş;Sweet Home Real Estate Agency;2026/05/11;Çankaya;Güvenevler Mah.;https://www.hepsiemlak.com/ankara-cankaya-guvenevler-kiralik/daire/16602-1913
8450-1888;Kiralık;42000;2 +                              1;75;Yüksek Giriş;Sıfır Bina;Kombi (Doğalgaz);Kat Mülkiyeti;1;3 Katlı;Evet;Boş;Myf Emlak;2026/05/11;Çankaya;Bahçelievler Mah.;https://www.hepsiemlak.com/ankara-cankaya-bahcelievler-kiralik/daire/8450-1888
53451-1801;Kiralık;27000;2 +                              1;85;Giriş Katı;25;Kombi (Doğalgaz);Kat Mülkiyeti;1;2 Katlı;Evet;Boş;Yenimahalle Ada Emlak;2026/05/08;Yenimahalle;Çarşı Mah.;https://www.hepsiemlak.com/ankara-yenimahalle-carsi-kiralik/daire/53451-1801
14347-1536;Kiralık;28000;2 +                              1;80;Giriş Katı;30;Kombi (Doğalgaz);Kat Mülkiyeti;1;4 Katlı;Evet;Boş;Çiçek Emlak;2026/05/06;Çankaya;Emek Mah.;https://www.hepsiemlak.com/ankara-cankaya-emek-kiralik/daire/14347-1536
14347-1529;Kiralık;45000;2 +                              1;75;Kot 1;2;Kombi (Doğalgaz);Kat Mülkiyeti;1;4 Katlı;Evet;Boş;Çiçek Emlak;2026/05/09;Çankaya;Emek Mah.;https://www.hepsiemlak.com/ankara-cankaya-emek-kiralik/daire/14347-1529
1170-7441;Kiralık;35000;2 +                              1;85;Kot 1;15;Kombi (Doğalgaz);Kat Mülkiyeti;1;4 Katlı;Evet;Boş;Ader Gayrimenkul;2026/05/11;Çankaya;Emek Mah.;https://www.hepsiemlak.com/ankara-cankaya-emek-kiralik/daire/1170-7441
1170-7442;Kiralık;27500;2 +                              1;85;2. Kat;40;Kombi (Doğalgaz);Kat Mülkiyeti;1;3 Katlı;Evet;Boş;Ader Gayrimenkul;2026/05/06;Çankaya;Yücetepe Mah.;https://www.hepsiemlak.com/ankara-cankaya-yucetepe-kiralik/daire/1170-7442
52609-408;Kiralık;40000;4 +                              1;145;Yüksek Giriş;45;Kombi (Doğalgaz);Kat Mülkiyeti;1;3 Katlı;Evet;Boş;Kule Gayrimenkul;2026/05/09;Çankaya;Güzeltepe Mah.;https://www.hepsiemlak.com/ankara-cankaya-guzeltepe-kiralik/daire/52609-408
121272-1150;Kiralık;37000;5 +                              1;170;En Üst Kat;30;Kombi (Doğalgaz);Kat Mülkiyeti;1;4 Katlı;Evet;Boş;Anadolu Emlak;2026/05/03;Altındağ;Aydınlıkevler Mah.;https://www.hepsiemlak.com/ankara-altindag-aydinlikevler-kiralik/daire/121272-1150
168984-4;Kiralık;23500;3 +                              1;135;Yüksek Giriş;11;Kombi (Doğalgaz);Kat Mülkiyeti;1;3 Katlı;Evet;Boş;-;2026/05/09;Keçiören;Ayvalı Mah.;https://www.hepsiemlak.com/ankara-kecioren-ayvali-kiralik/daire/168984-4
4094-1553;Kiralık;65500;3 +                              1;150;Çatı Katı;Sıfır Bina;Kombi (Doğalgaz);Kat Mülkiyeti;1;3 Katlı;Evet;Boş;Yalnızgül Emlak;2026/05/09;Çankaya;Bahçelievler Mah.;https://www.hepsiemlak.com/ankara-cankaya-bahcelievler-kiralik/daire/4094-1553
4094-1551;Kiralık;68000;4 +                              1;190;Ara Kat;20;Kombi (Doğalgaz);Kat Mülkiyeti;1;3 Katlı;Evet;Boş;Yalnızgül Emlak;2026/05/09;Çankaya;Bahçelievler Mah.;https://www.hepsiemlak.com/ankara-cankaya-bahcelievler-kiralik/daire/4094-1551
159186-31;Kiralık;25000;3 +                              1;105;En Üst Kat;25;Kombi (Doğalgaz);Kat Mülkiyeti;1;3 Katlı;Evet;Boş;Türksoy Gayrimenkul;2026/05/07;Mamak;Abidinpaşa Mah.;https://www.hepsiemlak.com/ankara-mamak-abidinpasa-kiralik/daire/159186-31
4077-2359;Kiralık;35500;1 +                              1;40;3. Kat;Sıfır Bina;Kombi (Doğalgaz);Kat Mülkiyeti;1;3 Katlı;Evet;Boş;-;2026/05/09;Çankaya;Konutkent Mah.;https://www.hepsiemlak.com/ankara-cankaya-konutkent-kiralik/daire/4077-2359
1248-2592;Kiralık;29000;1 +                              1;60;Yarı Bodrum;6;Kombi (Doğalgaz);Kat Mülkiyeti;1;6 Katlı;Evet;Boş;Karan Gayrimenkul;2026/05/09;Çankaya;Büyükesat Mah.;https://www.hepsiemlak.com/ankara-cankaya-buyukesat-kiralik/daire/1248-2592
94790-1192;Kiralık;43000;2 +                              1;103;2. Kat;3;Kombi (Doğalgaz);Kat Mülkiyeti;1;3 Katlı;Evet;Boş;Eylül Gayrimenkul;2026/05/09;Çankaya;Öveçler Mah.;https://www.hepsiemlak.com/ankara-cankaya-ovecler-kiralik/daire/94790-1192
94790-1193;Kiralık;58000;4 +                              1;210;12. Kat;12;Kombi (Doğalgaz);Kat Mülkiyeti;1;14 Katlı;Evet;Boş;Eylül Gayrimenkul;2026/05/09;Gölbaşı;İncek Mah.;https://www.hepsiemlak.com/ankara-golbasi-incek-kiralik/daire/94790-1193
158391-20;Kiralık;36000;3 +                              1;90;3. Kat;Sıfır Bina;Kombi (Doğalgaz);Kat Mülkiyeti;1;4 Katlı;Evet;Boş;-;2026/04/27;Gölbaşı;Taşpınar Mah.;https://www.hepsiemlak.com/ankara-golbasi-taspinar-kiralik/daire/158391-20
158391-19;Kiralık;21000;1 +                              1;50;2. Kat;Sıfır Bina;Kombi (Doğalgaz);Kat Mülkiyeti;1;3 Katlı;Evet;Boş;-;2026/04/28;Gölbaşı;İncek Mah.;https://www.hepsiemlak.com/ankara-golbasi-incek-kiralik/daire/158391-19
88892-1270;Kiralık;38000;1 +                              1;65;9. Kat;Sıfır Bina;Kombi (Doğalgaz);Kat Mülkiyeti;1;15 Katlı;Evet;Boş;Sönmez Emlak;2026/05/09;Yenimahalle;Yeni Batı Mah.;https://www.hepsiemlak.com/ankara-yenimahalle-yeni-bati-kiralik/daire/88892-1270
69919-1409;Kiralık;24000;3 +                              1;135;Ara Kat;10;Kombi (Doğalgaz);Kat Mülkiyeti;1;4 Katlı;Evet;Boş;-;2026/05/09;Mamak;Durali Alıç Mah.;https://www.hepsiemlak.com/ankara-mamak-durali-alic-kiralik/daire/69919-1409
53451-1829;Kiralık;35000;3 +                              1;125;1. Kat;26;Kombi (Doğalgaz);Kat Mülkiyeti;1;3 Katlı;Evet;Boş;Yenimahalle Ada Emlak;2026/05/07;Yenimahalle;Ragıp Tüzün Mah.;https://www.hepsiemlak.com/ankara-yenimahalle-ragip-tuzun-kiralik/daire/53451-1829
53451-1798;Kiralık;36000;3 +                              1;170;Teras Katı;25;Kombi (Doğalgaz);Kat Mülkiyeti;1;3 Katlı;Evet;Boş;Yenimahalle Ada Emlak;2026/05/07;Yenimahalle;Yunus Emre Mah.;https://www.hepsiemlak.com/ankara-yenimahalle-yunus-emre-kiralik/daire/53451-1798
73240-2831;Kiralık;26000;3 +                              1;120;3. Kat;31;Kombi (Doğalgaz);Kat Mülkiyeti;1;4 Katlı;Evet;Boş;Kuttaş Emlak;2026/05/08;Çankaya;Eti Mah.;https://www.hepsiemlak.com/ankara-cankaya-eti-kiralik/daire/73240-2831
22444-15;Kiralık;110000;4 +                              1;220;9. Kat;11;Kombi (Doğalgaz);Kat Mülkiyeti;1;23 Katlı;Evet;Boş;Serap Belen Invest;2026/05/08;Çankaya;Güzeltepe Mah.;https://www.hepsiemlak.com/ankara-cankaya-guzeltepe-kiralik/daire/22444-15
22444-14;Kiralık;235000;4 +                              2;313;4. Kat;11;Kombi (Doğalgaz);Kat Mülkiyeti;1;7 Katlı;Evet;Boş;Serap Belen Invest;2026/05/08;Çankaya;Mutlukent Mah.;https://www.hepsiemlak.com/ankara-cankaya-mutlukent-kiralik/daire/22444-14
158970-1;Kiralık;59000;4 +                              1;205;12. Kat;Sıfır Bina;Kombi (Doğalgaz);Kat Mülkiyeti;1;14 Katlı;Evet;Boş;-;2026/05/07;Yenimahalle;Susuz Mah.;https://www.hepsiemlak.com/ankara-yenimahalle-susuz-kiralik/daire/158970-1
158970-2;Kiralık;56000;4 +                              1;180;2. Kat;1;Kombi (Doğalgaz);Kat Mülkiyeti;1;11 Katlı;Evet;Boş;-;2026/05/08;Yenimahalle;Ata Mah.;https://www.hepsiemlak.com/ankara-yenimahalle-ata-kiralik/daire/158970-2
80912-473;Kiralık;28500;1 +                              1;55;1. Kat;Sıfır Bina;Kombi (Doğalgaz);Kat Mülkiyeti;1;4 Katlı;Evet;Boş;Saraçlar Gayrimenkul;2026/05/11;Çankaya;Mimar Sinan Mah.;https://www.hepsiemlak.com/ankara-cankaya-mimar-sinan-kiralik/daire/80912-473
5042-3654;Kiralık;42000;3 +                              1;125;1. Kat;25;Kombi (Doğalgaz);Kat Mülkiyeti;1;3 Katlı;Evet;Boş;Turyap Ankara Bahçelievler Temsilciliği;2026/05/07;Çankaya;Bahçelievler Mah.;https://www.hepsiemlak.com/ankara-cankaya-bahcelievler-kiralik/daire/5042-3654
0-45186944;Kiralık;17250;2 +                              1;115;Giriş Katı;14;Kombi (Doğalgaz);Kat Mülkiyeti;1;5 Katlı;Evet;Boş;-;2026/05/10;Sincan;Selçuklu Mah.;https://www.hepsiemlak.com/ankara-sincan-selcuklu-kiralik/daire/0-45186944
17626-47;Kiralık;92500;4 +                              1;220;21 ve üzeri;5;Kombi (Doğalgaz);Kat Mülkiyeti;1;30 Katlı;Evet;Boş;Adel Investment Grup;2026/04/27;Çankaya;Beytepe Mah.;https://www.hepsiemlak.com/ankara-cankaya-beytepe-kiralik/daire/17626-47
1170-7416;Kiralık;45000;1 +                              1;50;Giriş Katı;2;Kombi (Doğalgaz);Kat Mülkiyeti;1;4 Katlı;Evet;Boş;Ader Gayrimenkul;2026/05/11;Çankaya;Emek Mah.;https://www.hepsiemlak.com/ankara-cankaya-emek-kiralik/daire/1170-7416
36851-34633;Kiralık;50000;3 +                              1;135;2. Kat;30;Kombi (Doğalgaz);Kat Mülkiyeti;1;3 Katlı;Evet;Boş;Levent Emlak;2026/05/08;Çankaya;Yukarı Bahçelievler Mah.;https://www.hepsiemlak.com/ankara-cankaya-yukari-bahcelievler-kiralik/daire/36851-34633
36851-34632;Kiralık;39000;1 +                              1;60;4. Kat;9;Kombi (Doğalgaz);Kat Mülkiyeti;1;4 Katlı;Evet;Boş;Levent Emlak;2026/05/08;Çankaya;Bahçelievler Mah.;https://www.hepsiemlak.com/ankara-cankaya-bahcelievler-kiralik/daire/36851-34632
4180-9747;Kiralık;34000;3 +                              1;145;Kot 1;18;Kombi (Doğalgaz);Kat Mülkiyeti;1;4 Katlı;Evet;Boş;Milenyum Emlak Dikmen;2026/05/08;Çankaya;Ata Mah.;https://www.hepsiemlak.com/ankara-cankaya-ata-kiralik/daire/4180-9747
139231-156;Kiralık;1754000000;3 +                              1;120;Kot 3;12;Kombi (Doğalgaz);Kat Mülkiyeti;1;7 Katlı;Evet;Boş;-;2026/05/07;Mamak;Ekin Mah.;https://www.hepsiemlak.com/ankara-mamak-ekin-kiralik/daire/139231-156
159369-40;Kiralık;28250;3 +                              1;110;3. Kat;11;Kombi (Doğalgaz);Kat Mülkiyeti;1;3 Katlı;Evet;Boş;-;2026/05/05;Altındağ;Güneşevler Mah.;https://www.hepsiemlak.com/ankara-altindag-gunesevler-kiralik/daire/159369-40
155633-63;Kiralık;26000;2 +                              1;110;6. Kat;Sıfır Bina;Kombi (Doğalgaz);Kat Mülkiyeti;1;10 Katlı;Evet;Boş;-;2026/05/08;Sincan;Fevzi Çakmak Mah.;https://www.hepsiemlak.com/ankara-sincan-fevzi-cakmak-kiralik/daire/155633-63
33181-3006;Kiralık;33000;4 +                              1;140;Yarı Bodrum;11;Kombi (Doğalgaz);Kat Mülkiyeti;1;5 Katlı;Evet;Boş;-;2026/05/05;Çankaya;Aşıkpaşa Mah.;https://www.hepsiemlak.com/ankara-cankaya-asikpasa-kiralik/daire/33181-3006
167064-1;Kiralık;27500;1 +                              1;50;7. Kat;Sıfır Bina;Kombi (Doğalgaz);Kat Mülkiyeti;1;17 Katlı;Evet;Boş;Coldwell Banker Win;2026/05/11;Çankaya;Alacaatlı Mah.;https://www.hepsiemlak.com/ankara-cankaya-alacaatli-kiralik/daire/167064-1
115697-793;Kiralık;62000;2 +                              1;80;1. Kat;5;Kombi (Doğalgaz);Kat Mülkiyeti;1;3 Katlı;Evet;Boş;Onur Emlak;2026/05/06;Çankaya;Emek Mah.;https://www.hepsiemlak.com/ankara-cankaya-emek-kiralik/daire/115697-793
115697-794;Kiralık;72000;3 +                              1;145;1. Kat;8;Kombi (Doğalgaz);Kat Mülkiyeti;1;3 Katlı;Evet;Boş;Onur Emlak;2026/05/05;Çankaya;Emek Mah.;https://www.hepsiemlak.com/ankara-cankaya-emek-kiralik/daire/115697-794
115697-501;Kiralık;37000;3 +                              1;165;9. Kat;13;Kombi (Doğalgaz);Kat Mülkiyeti;1;11 Katlı;Evet;Boş;Onur Emlak;2026/05/06;Yenimahalle;Güventepe Mah.;https://www.hepsiemlak.com/ankara-yenimahalle-guventepe-kiralik/daire/115697-501
1170-7445;Kiralık;50000;2 +                              1;100;2. Kat;35;Kombi (Doğalgaz);Kat Mülkiyeti;1;3 Katlı;Evet;Boş;Ader Gayrimenkul;2026/05/06;Çankaya;Emek Mah.;https://www.hepsiemlak.com/ankara-cankaya-emek-kiralik/daire/1170-7445
1170-7424;Kiralık;35000;3 +                              1;110;2. Kat;35;Kombi (Doğalgaz);Kat Mülkiyeti;1;3 Katlı;Evet;Boş;Ader Gayrimenkul;2026/05/06;Çankaya;Emek Mah.;https://www.hepsiemlak.com/ankara-cankaya-emek-kiralik/daire/1170-7424
1170-7401;Kiralık;32000;2 +                              1;65;Kot 1;3;Kombi (Doğalgaz);Kat Mülkiyeti;1;4 Katlı;Evet;Boş;Ader Gayrimenkul;2026/05/06;Çankaya;Emek Mah.;https://www.hepsiemlak.com/ankara-cankaya-emek-kiralik/daire/1170-7401
1170-7400;Kiralık;24000;3 +                              1;110;4. Kat;35;Kombi (Doğalgaz);Kat Mülkiyeti;1;5 Katlı;Evet;Boş;Ader Gayrimenkul;2026/05/06;Çankaya;Eti Mah.;https://www.hepsiemlak.com/ankara-cankaya-eti-kiralik/daire/1170-7400
1170-7439;Kiralık;45000;3 +                              1;100;3. Kat;35;Kombi (Doğalgaz);Kat Mülkiyeti;1;3 Katlı;Evet;Boş;Ader Gayrimenkul;2026/05/06;Çankaya;Emek Mah.;https://www.hepsiemlak.com/ankara-cankaya-emek-kiralik/daire/1170-7439
1170-7433;Kiralık;35000;1 +                              1;50;Yüksek Giriş;Sıfır Bina;Kombi (Doğalgaz);Kat Mülkiyeti;1;4 Katlı;Evet;Boş;Ader Gayrimenkul;2026/05/04;Çankaya;Bahçelievler Mah.;https://www.hepsiemlak.com/ankara-cankaya-bahcelievler-kiralik/daire/1170-7433
136133-89;Kiralık;16500;3 +                              1;120;2. Kat;6;Kombi (Doğalgaz);Kat Mülkiyeti;1;3 Katlı;Evet;Boş;-;2026/04/28;Elmadağ;Hasanoğlan Bahçelievler Mah.;https://www.hepsiemlak.com/ankara-elmadag-hasanoglan-bahcelievler-kiralik/daire/136133-89
7566-468;Kiralık;40000;3 +                              1;135;3. Kat;30;Kombi (Doğalgaz);Kat Mülkiyeti;1;3 Katlı;Evet;Boş;-;2026/05/07;Çankaya;Aziziye Mah.;https://www.hepsiemlak.com/ankara-cankaya-aziziye-kiralik/daire/7566-468
4459-2089;Kiralık;45000;2 +                              1;60;Giriş Katı;2;Kombi (Doğalgaz);Kat Mülkiyeti;1;3 Katlı;Evet;Boş;Erhan Emlak Gayrimenkul Ve Danışmanlık;2026/05/06;Çankaya;Yukarı Bahçelievler Mah.;https://www.hepsiemlak.com/ankara-cankaya-yukari-bahcelievler-kiralik/daire/4459-2089
4459-2089;Kiralık;45000;2 +                              1;60;Giriş Katı;2;Kombi (Doğalgaz);Kat Mülkiyeti;1;3 Katlı;Evet;Boş;Erhan Emlak Gayrimenkul Ve Danışmanlık;2026/05/06;Çankaya;Yukarı Bahçelievler Mah.;https://www.hepsiemlak.com/ankara-cankaya-yukari-bahcelievler-kiralik/daire/4459-2089
4459-2085;Kiralık;35000;2 +                              1;100;5. Kat;35;Kombi (Doğalgaz);Kat Mülkiyeti;1;9 Katlı;Evet;Boş;Erhan Emlak Gayrimenkul Ve Danışmanlık;2026/05/06;Çankaya;Balgat Mah.;https://www.hepsiemlak.com/ankara-cankaya-balgat-kiralik/daire/4459-2085
4459-2090;Kiralık;50000;3 +                              1;150;En Üst Kat;30;Kombi (Doğalgaz);Kat Mülkiyeti;1;3 Katlı;Evet;Boş;Erhan Emlak Gayrimenkul Ve Danışmanlık;2026/05/06;Çankaya;Yukarı Bahçelievler Mah.;https://www.hepsiemlak.com/ankara-cankaya-yukari-bahcelievler-kiralik/daire/4459-2090
58227-71;Kiralık;21000;1 +                              1;50;5. Kat;Sıfır Bina;Kombi (Doğalgaz);Kat Mülkiyeti;1;6 Katlı;Evet;Boş;Miray Emlak;2026/05/10;Çubuk;Esenboğa Merkez Mah.;https://www.hepsiemlak.com/ankara-cubuk-esenboga-merkez-kiralik/daire/58227-71
111484-311;Kiralık;36000;1 +                              1;60;2. Kat;1;Kombi (Doğalgaz);Kat Mülkiyeti;1;3 Katlı;Evet;Boş;Saray Gayrimenkul;2026/04/29;Çankaya;Doğuş Mah.;https://www.hepsiemlak.com/ankara-cankaya-dogus-kiralik/daire/111484-311
7080-285;Kiralık;29000;2 +                              1;115;3. Kat;30;Kombi (Doğalgaz);Kat Mülkiyeti;1;2 Katlı;Evet;Boş;Vera Gayrimenkul;2026/05/01;Çankaya;Huzur Mah.;https://www.hepsiemlak.com/ankara-cankaya-huzur-kiralik/daire/7080-285
131733-2294;Kiralık;15000;2 +                              1;85;4. Kat;31;Kombi (Doğalgaz);Kat Mülkiyeti;1;5 Katlı;Evet;Boş;Jüpiter Gayrimenkul Emlak;2026/03/15;Çankaya;Kızılay Mah.;https://www.hepsiemlak.com/ankara-cankaya-kizilay-kiralik/daire/131733-2294
131733-2232;Kiralık;15000;1 +                              1;65;3. Kat;30;Kombi (Doğalgaz);Kat Mülkiyeti;1;5 Katlı;Evet;Boş;Jüpiter Gayrimenkul Emlak;2026/04/10;Çankaya;Kızılay Mah.;https://www.hepsiemlak.com/ankara-cankaya-kizilay-kiralik/daire/131733-2232
135005-71;Kiralık;22000;3 +                              1;125;1. Kat;15;Kombi (Doğalgaz);Kat Mülkiyeti;1;4 Katlı;Evet;Boş;-;2026/05/05;Mamak;Durali Alıç Mah.;https://www.hepsiemlak.com/ankara-mamak-durali-alic-kiralik/daire/135005-71
4537-11540;Kiralık;50000;3 +                              2;110;2. Kat;30;Kombi (Doğalgaz);Kat Mülkiyeti;1;9 Katlı;Evet;Boş;Borsem Kuleli Temsilciliği;2026/05/05;Çankaya;Yıldızevler Mah.;https://www.hepsiemlak.com/ankara-cankaya-yildizevler-kiralik/daire/4537-11540
4537-11542;Kiralık;38500;1 +                              1;65;1. Kat;Sıfır Bina;Kombi (Doğalgaz);Kat Mülkiyeti;1;4 Katlı;Evet;Boş;Borsem Kuleli Temsilciliği;2026/05/05;Çankaya;100. Yıl Mah.;https://www.hepsiemlak.com/ankara-cankaya-100-yil-kiralik/daire/4537-11542
128933-132;Kiralık;31000;3 +                              1;130;2. Kat;5;Kombi (Doğalgaz);Kat Mülkiyeti;1;4 Katlı;Evet;Boş;-;2026/02/19;Altındağ;Yıldıztepe Mah.;https://www.hepsiemlak.com/ankara-altindag-yildiztepe-kiralik/daire/128933-132
2770-2420;Kiralık;21000;3 +                              1;115;2. Kat;11;Kombi (Doğalgaz);Kat Mülkiyeti;1;3 Katlı;Evet;Boş;-;2026/04/17;Altındağ;Battalgazi Mah.;https://www.hepsiemlak.com/ankara-altindag-battalgazi-kiralik/daire/2770-2420
59060-32;Kiralık;40000;3 +                              1;140;2. Kat;25;Kombi (Doğalgaz);Kat Mülkiyeti;1;9 Katlı;Evet;Boş;Bayer Emlak;2026/04/05;Yenimahalle;Esentepe Mah.;https://www.hepsiemlak.com/ankara-yenimahalle-esentepe-kiralik/daire/59060-32
59060-30;Kiralık;19500;2 +                              1;100;Kot 1;20;Kombi (Doğalgaz);Kat Mülkiyeti;1;3 Katlı;Evet;Boş;Bayer Emlak;2026/04/11;Yenimahalle;Yunus Emre Mah.;https://www.hepsiemlak.com/ankara-yenimahalle-yunus-emre-kiralik/daire/59060-30
59060-34;Kiralık;30500;3 +                              1;145;3. Kat;20;Kombi (Doğalgaz);Kat Mülkiyeti;1;4 Katlı;Evet;Boş;Bayer Emlak;2026/05/02;Yenimahalle;Yeniçağ Mah.;https://www.hepsiemlak.com/ankara-yenimahalle-yenicag-kiralik/daire/59060-34
2244-1402;Kiralık;20500;Stüdyo;40;Bahçe Katı;9;Kombi (Doğalgaz);Kat Mülkiyeti;1;3 Katlı;Evet;Boş;Yalçınkaya İnşaat & Emlak;2026/05/05;Yenimahalle;Gazi Mah.;https://www.hepsiemlak.com/ankara-yenimahalle-gazi-kiralik/daire/2244-1402
34887-441;Kiralık;40000;3 +                              1;125;6. Kat;39;Kombi (Doğalgaz);Kat Mülkiyeti;1;9 Katlı;Evet;Boş;Doğrular Gayrimenkul;2026/05/04;Çankaya;Birlik Mah.;https://www.hepsiemlak.com/ankara-cankaya-birlik-kiralik/daire/34887-441
124415-565;Kiralık;47500;1 +                              1;55;2. Kat;5;Kombi (Doğalgaz);Kat Mülkiyeti;1;4 Katlı;Evet;Boş;-;2026/05/04;Çankaya;Büyükesat Mah.;https://www.hepsiemlak.com/ankara-cankaya-buyukesat-kiralik/daire/124415-565
90000-975;Kiralık;55000;2 +                              1;120;4. Kat;Sıfır Bina;Kombi (Doğalgaz);Kat Mülkiyeti;1;16 Katlı;Evet;Boş;Coldwell Banker Evo;2026/04/22;Çankaya;İlkbahar Mah.;https://www.hepsiemlak.com/ankara-cankaya-ilkbahar-kiralik/daire/90000-975
692109-111;Kiralık;18000;2 +                              1;72;4. Kat;Sıfır Bina;Kombi (Doğalgaz);Kat Mülkiyeti;1;4 Katlı;Evet;Boş;Alıcılar Gayrimenkul;2026/05/02;Çubuk;Esenboğa Merkez Mah.;https://www.hepsiemlak.com/ankara-cubuk-esenboga-merkez-kiralik/daire/692109-111
166520-2;Kiralık;20000;3 +                              1;120;5. Kat;7;Kombi (Doğalgaz);Kat Mülkiyeti;1;10 Katlı;Evet;Boş;-;2026/05/04;Etimesgut;Atayurt Mah.;https://www.hepsiemlak.com/ankara-etimesgut-atayurt-kiralik/daire/166520-2
37640-14222;Kiralık;23000;3 +                              1;115;3. Kat;20;Kombi (Doğalgaz);Kat Mülkiyeti;1;3 Katlı;Evet;Boş;Ankara Gayrimenkul;2026/05/11;Etimesgut;İstasyon Mah.;https://www.hepsiemlak.com/ankara-etimesgut-istasyon-kiralik/daire/37640-14222
150711-183;Kiralık;87000;4 +                              1;200;5. Kat;2;Kombi (Doğalgaz);Kat Mülkiyeti;1;13 Katlı;Evet;Boş;Statü;2026/05/11;Yenimahalle;İnönü Mah.;https://www.hepsiemlak.com/ankara-yenimahalle-inonu-kiralik/daire/150711-183
27900-3126;Kiralık;57000;4 +                              1;185;4. Kat;1;Kombi (Doğalgaz);Kat Mülkiyeti;1;18 Katlı;Evet;Boş;Vıp Investment;2026/05/11;Yenimahalle;Yuvaköy Mah.;https://www.hepsiemlak.com/ankara-yenimahalle-yuvakoy-kiralik/daire/27900-3126
166680-34;Kiralık;48000;2 +                              1;115;Ara Kat;4;Kombi (Doğalgaz);Kat Mülkiyeti;1;24 Katlı;Evet;Boş;Rşt Gayrimenkul;2026/05/11;Etimesgut;Yeşilova Mah.;https://www.hepsiemlak.com/ankara-etimesgut-yesilova-kiralik/daire/166680-34
144287-218;Kiralık;31000;3 +                              1;120;4. Kat;28;Kombi (Doğalgaz);Kat Mülkiyeti;1;4 Katlı;Evet;Boş;Turyap Batıkent Temsilciliği;2026/05/11;Yenimahalle;Kentkoop Mah.;https://www.hepsiemlak.com/ankara-yenimahalle-kentkoop-kiralik/daire/144287-218
153921-53;Kiralık;15950;Stüdyo;45;2. Kat;1;Kombi (Doğalgaz);Kat Mülkiyeti;1;2 Katlı;Evet;Boş;-;2026/05/11;Çubuk;Dumlupınar Mah.;https://www.hepsiemlak.com/ankara-cubuk-dumlupinar-kiralik/daire/153921-53
25774-2242;Kiralık;35000;3 +                              1;130;Kot 2;40;Kombi (Doğalgaz);Kat Mülkiyeti;1;4 Katlı;Evet;Boş;Bir Emlak Çankaya-hoşdere Temsilciliği;2026/05/11;Çankaya;Güvenevler Mah.;https://www.hepsiemlak.com/ankara-cankaya-guvenevler-kiralik/daire/25774-2242
158193-394;Kiralık;24000;1 +                              1;55;1. Kat;Sıfır Bina;Kombi (Doğalgaz);Kat Mülkiyeti;1;2 Katlı;Evet;Boş;Alaçatı Proje Evora Invest;2026/05/11;Gölbaşı;Taşpınar Mah.;https://www.hepsiemlak.com/ankara-golbasi-taspinar-kiralik/daire/158193-394
40002-6955;Kiralık;27000;3 +                              1;130;Kot 1;8;Kombi (Doğalgaz);Kat Mülkiyeti;1;2 Katlı;Evet;Boş;Remax Deniz;2026/05/11;Elmadağ;İsmetpaşa Mah.;https://www.hepsiemlak.com/ankara-elmadag-ismetpasa-kiralik/daire/40002-6955
8315-16839;Kiralık;62000;4 +                              1;207;5. Kat;9;Kombi (Doğalgaz);Kat Mülkiyeti;1;12 Katlı;Evet;Boş;Kw Angora Gayrimenkul;2026/05/11;Etimesgut;Bağlıca Mah.;https://www.hepsiemlak.com/ankara-etimesgut-baglica-kiralik/daire/8315-16839
136366-1101;Kiralık;25000;2 +                              1;90;6. Kat;13;Kombi (Doğalgaz);Kat Mülkiyeti;1;12 Katlı;Evet;Boş;Evka Gayrimenkul;2026/05/11;Etimesgut;Atayurt Mah.;https://www.hepsiemlak.com/ankara-etimesgut-atayurt-kiralik/daire/136366-1101
115750-319;Kiralık;64000;4 +                              1;176;4. Kat;6;Kombi (Doğalgaz);Kat Mülkiyeti;1;16 Katlı;Evet;Boş;Global Gayrimenkul;2026/05/11;Yenimahalle;Serhat Mah.;https://www.hepsiemlak.com/ankara-yenimahalle-serhat-kiralik/daire/115750-319
90000-1020;Kiralık;120000;4 +                              1;162;Bahçe Katı;5;Kombi (Doğalgaz);Kat Mülkiyeti;1;17 Katlı;Evet;Boş;Coldwell Banker Evo;2026/05/11;Çankaya;İlkbahar Mah.;https://www.hepsiemlak.com/ankara-cankaya-ilkbahar-kiralik/daire/90000-1020
160730-516;Kiralık;24500;3 +                              1;120;1. Kat;11;Kombi (Doğalgaz);Kat Mülkiyeti;1;3 Katlı;Evet;Boş;Winnest Garimenkul;2026/05/11;Mamak;Misket Mah.;https://www.hepsiemlak.com/ankara-mamak-misket-kiralik/daire/160730-516
129786-121;Kiralık;30000;3 +                              1;145;10. Kat;40;Kombi (Doğalgaz);Kat Mülkiyeti;1;13 Katlı;Evet;Boş;-;2026/05/11;Yenimahalle;Demetgül Mah.;https://www.hepsiemlak.com/ankara-yenimahalle-demetgul-kiralik/daire/129786-121
102527-105;Kiralık;18500;2 +                              1;80;Giriş Katı;Sıfır Bina;Kombi (Doğalgaz);Kat Mülkiyeti;1;4 Katlı;Evet;Boş;Beyler Gayrimenkul Yenikent;2026/05/11;Sincan;Mustafa Kemal Mah.;https://www.hepsiemlak.com/ankara-sincan-mustafa-kemal-kiralik/daire/102527-105
88053-6605;Kiralık;50000;1 +                              1;55;Giriş Katı;Sıfır Bina;Kombi (Doğalgaz);Kat Mülkiyeti;1;4 Katlı;Evet;Boş;Arel Emlak;2026/05/11;Çankaya;Kazım Özalp Mah.;https://www.hepsiemlak.com/ankara-cankaya-kazim-ozalp-kiralik/daire/88053-6605
140717-1166;Kiralık;26000;3 +                              1;125;2. Kat;6;Kombi (Doğalgaz);Kat Mülkiyeti;1;3 Katlı;Evet;Boş;-;2026/05/11;Keçiören;Yayla Mah.;https://www.hepsiemlak.com/ankara-kecioren-yayla-kiralik/daire/140717-1166
146714-414;Kiralık;25500;2 +                              1;95;1. Kat;31;Kombi (Doğalgaz);Kat Mülkiyeti;1;3 Katlı;Evet;Boş;Bonus Emlak;2026/05/11;Çankaya;Kızılay Mah.;https://www.hepsiemlak.com/ankara-cankaya-kizilay-kiralik/daire/146714-414
142448-246;Kiralık;26500;3 +                              1;130;3. Kat;Sıfır Bina;Kombi (Doğalgaz);Kat Mülkiyeti;1;3 Katlı;Evet;Boş;Oğuz Gezer Gayrimenkul;2026/05/11;Altındağ;Yıldıztepe Mah.;https://www.hepsiemlak.com/ankara-altindag-yildiztepe-kiralik/daire/142448-246
74310-330;Kiralık;22000;3 +                              1;150;Kot 2;15;Kombi (Doğalgaz);Kat Mülkiyeti;1;4 Katlı;Evet;Boş;Extra Toprak;2026/05/11;Mamak;Peyami Safa Mah.;https://www.hepsiemlak.com/ankara-mamak-peyami-safa-kiralik/daire/74310-330
128770-901;Kiralık;30000;3 +                              1;120;6. Kat;31;Kombi (Doğalgaz);Kat Mülkiyeti;1;6 Katlı;Evet;Boş;Dıalog Evci Gayrimenkul;2026/05/11;Çankaya;İncesu Mah.;https://www.hepsiemlak.com/ankara-cankaya-incesu-kiralik/daire/128770-901
92171-1630;Kiralık;55000;3 +                              1;130;8. Kat;31;Kombi (Doğalgaz);Kat Mülkiyeti;1;9 Katlı;Evet;Boş;Emart Gayrimenkul;2026/05/11;Çankaya;Kızılırmak Mah.;https://www.hepsiemlak.com/ankara-cankaya-kizilirmak-kiralik/daire/92171-1630
160896-48;Kiralık;65000;3 +                              1;160;2. Kat;34;Kombi (Doğalgaz);Kat Mülkiyeti;1;3 Katlı;Evet;Boş;Gayrimenkul Tasarım 360;2026/05/11;Çankaya;Aziziye Mah.;https://www.hepsiemlak.com/ankara-cankaya-aziziye-kiralik/daire/160896-48
44819-2327;Kiralık;30000;3 +                              1;100;2. Kat;32;Kombi (Doğalgaz);Kat Mülkiyeti;1;3 Katlı;Evet;Boş;Tuncay Gayrimenkul;2026/05/11;Çankaya;Balgat Mah.;https://www.hepsiemlak.com/ankara-cankaya-balgat-kiralik/daire/44819-2327
6974-4311;Kiralık;27000;3 +                              1;100;3. Kat;26;Kombi (Doğalgaz);Kat Mülkiyeti;1;3 Katlı;Evet;Boş;Oranj Gayrimenkul;2026/05/11;Çankaya;Aşağı Öveçler Mah.;https://www.hepsiemlak.com/ankara-cankaya-asagi-ovecler-kiralik/daire/6974-4311
144496-1616;Kiralık;50000;4 +                              1;160;1. Kat;21;Kombi (Doğalgaz);Kat Mülkiyeti;1;15 Katlı;Evet;Boş;Valentia Gayrimenkul;2026/05/11;Yenimahalle;Mehmet Akif Ersoy Mah.;https://www.hepsiemlak.com/ankara-yenimahalle-mehmet-akif-ersoy-kiralik/daire/144496-1616
38385-926;Kiralık;44000;2 +                              1;95;4. Kat;7;Kombi (Doğalgaz);Kat Mülkiyeti;1;4 Katlı;Evet;Boş;Bahadır Emlak;2026/05/11;Çankaya;Gökkuşağı Mah.;https://www.hepsiemlak.com/ankara-cankaya-gokkusagi-kiralik/daire/38385-926
65959-906;Kiralık;32000;2 +                              1;103;Ara Kat;43;Kombi (Doğalgaz);Kat Mülkiyeti;1;3 Katlı;Evet;Boş;Çınar Emlak;2026/05/11;Çankaya;Yücetepe Mah.;https://www.hepsiemlak.com/ankara-cankaya-yucetepe-kiralik/daire/65959-906
168650-17;Kiralık;26000;3 +                              1;120;3. Kat;16;Kombi (Doğalgaz);Kat Mülkiyeti;1;3 Katlı;Evet;Boş;Babat Gayrimenkul;2026/05/11;Keçiören;Ayvalı Mah.;https://www.hepsiemlak.com/ankara-kecioren-ayvali-kiralik/daire/168650-17
133065-52;Kiralık;19500;1 +                              1;51;2. Kat;Sıfır Bina;Kombi (Doğalgaz);Kat Mülkiyeti;1;6 Katlı;Evet;Boş;-;2026/05/11;Çubuk;Esenboğa Merkez Mah.;https://www.hepsiemlak.com/ankara-cubuk-esenboga-merkez-kiralik/daire/133065-52
17197-2856;Kiralık;42500;4 +                              1;140;3. Kat;28;Kombi (Doğalgaz);Kat Mülkiyeti;1;3 Katlı;Evet;Boş;Yücel Emlak Ofisi - Fakıoğlu Mfo Grup;2026/05/11;Çankaya;Oğuzlar Mah.;https://www.hepsiemlak.com/ankara-cankaya-oguzlar-kiralik/daire/17197-2856
121977-613;Kiralık;71000;4 +                              1;205;9. Kat;2;Kombi (Doğalgaz);Kat Mülkiyeti;1;27 Katlı;Evet;Boş;Fırst Poınt Gayrimenkul;2026/05/11;Yenimahalle;Yuvaköy Mah.;https://www.hepsiemlak.com/ankara-yenimahalle-yuvakoy-kiralik/daire/121977-613
151259-288;Kiralık;35000;3 +                              1;120;3. Kat;55;Kombi (Doğalgaz);Kat Mülkiyeti;1;4 Katlı;Evet;Boş;-;2026/05/11;Çankaya;Gaziosmanpaşa Mah.;https://www.hepsiemlak.com/ankara-cankaya-gaziosmanpasa-kiralik/daire/151259-288
135139-1337;Kiralık;40000;3 +                              1;100;En Üst Kat;3;Kombi (Doğalgaz);Kat Mülkiyeti;1;2 Katlı;Evet;Boş;-;2026/05/11;Gölbaşı;Kızılcaşar Mah.;https://www.hepsiemlak.com/ankara-golbasi-kizilcasar-kiralik/daire/135139-1337
141244-779;Kiralık;22000;3 +                              1;120;1. Kat;5;Kombi (Doğalgaz);Kat Mülkiyeti;1;3 Katlı;Evet;Boş;Eroklar Gayrimenkul;2026/05/11;Keçiören;Yükseltepe Mah.;https://www.hepsiemlak.com/ankara-kecioren-yukseltepe-kiralik/daire/141244-779
118398-1046;Kiralık;37000;2 +                              1;82;3. Kat;Sıfır Bina;Kombi (Doğalgaz);Kat Mülkiyeti;1;14 Katlı;Evet;Boş;Aganta Gayrimenkul;2026/05/11;Etimesgut;Yeşilova Mah.;https://www.hepsiemlak.com/ankara-etimesgut-yesilova-kiralik/daire/118398-1046
112780-193;Kiralık;25000;3 +                              1;120;En Üst Kat;15;Kombi (Doğalgaz);Kat Mülkiyeti;1;6 Katlı;Evet;Boş;İncesu Emlak;2026/05/11;Çankaya;Zafertepe Mah.;https://www.hepsiemlak.com/ankara-cankaya-zafertepe-kiralik/daire/112780-193
113776-157;Kiralık;35000;3 +                              1;120;3. Kat;23;Kombi (Doğalgaz);Kat Mülkiyeti;1;5 Katlı;Evet;Boş;Aras Emlak;2026/05/11;Altındağ;Hacettepe Mah.;https://www.hepsiemlak.com/ankara-altindag-hacettepe-kiralik/daire/113776-157
99750-655;Kiralık;27500;3 +                              1;120;2. Kat;40;Kombi (Doğalgaz);Kat Mülkiyeti;1;2 Katlı;Evet;Boş;-;2026/05/11;Çankaya;100. Yıl Mah.;https://www.hepsiemlak.com/ankara-cankaya-100-yil-kiralik/daire/99750-655
3920-12161;Kiralık;30000;1 +                              1;65;4. Kat;21;Kombi (Doğalgaz);Kat Mülkiyeti;1;25 Katlı;Evet;Boş;Remax Tower;2026/05/11;Çankaya;İşçi Blokları Mah.;https://www.hepsiemlak.com/ankara-cankaya-isci-bloklari-kiralik/residence/3920-12161
96259-598;Kiralık;30000;3 +                              1;120;Ara Kat;35;Kombi (Doğalgaz);Kat Mülkiyeti;1;6 Katlı;Evet;Boş;-;2026/05/11;Yenimahalle;Demetgül Mah.;https://www.hepsiemlak.com/ankara-yenimahalle-demetgul-kiralik/daire/96259-598
151156-228;Kiralık;2950000;1 +                              1;55;5. Kat;Sıfır Bina;Kombi (Doğalgaz);Kat Mülkiyeti;1;12 Katlı;Evet;Boş;Beyler Emlak;2026/05/11;Akyurt;Balıkhisar Mah.;https://www.hepsiemlak.com/ankara-akyurt-balikhisar-kiralik/daire/151156-228
4444-2729;Kiralık;57000;3 +                              1;120;11. Kat;25;Kombi (Doğalgaz);Kat Mülkiyeti;1;12 Katlı;Evet;Boş;Emlak Denizi Cevizlidere;2026/05/11;Çankaya;Koru Mah.;https://www.hepsiemlak.com/ankara-cankaya-koru-kiralik/daire/4444-2729
2744-14125;Kiralık;40000;3 +                              1;120;1. Kat;25;Kombi (Doğalgaz);Kat Mülkiyeti;1;3 Katlı;Evet;Boş;Görkem Emlak;2026/05/11;Çankaya;Naci Çakır Mah.;https://www.hepsiemlak.com/ankara-cankaya-naci-cakir-kiralik/daire/2744-14125
129045-527;Kiralık;89000;4 +                              1;250;7. Kat;3;Kombi (Doğalgaz);Kat Mülkiyeti;1;28 Katlı;Evet;Boş;Coldwell Banker Erva;2026/05/11;Çankaya;Ümit Mah.;https://www.hepsiemlak.com/ankara-cankaya-umit-kiralik/daire/129045-527
134928-416;Kiralık;25000;3 +                              1;110;Kot 2;12;Kombi (Doğalgaz);Kat Mülkiyeti;1;5 Katlı;Evet;Boş;Canay Gayrimenkul;2026/05/11;Keçiören;Ayvalı Mah.;https://www.hepsiemlak.com/ankara-kecioren-ayvali-kiralik/daire/134928-416
93678-9640;Kiralık;19900;3 +                              1;130;3. Kat;26;Kombi (Doğalgaz);Kat Mülkiyeti;1;3 Katlı;Evet;Boş;-;2026/05/11;Keçiören;Etlik Mah.;https://www.hepsiemlak.com/ankara-kecioren-etlik-kiralik/daire/93678-9640
46640-5764;Kiralık;30000;3 +                              1;100;3. Kat;30;Kombi (Doğalgaz);Kat Mülkiyeti;1;3 Katlı;Evet;Boş;-;2026/05/11;Etimesgut;Şeyh Şamil Mah.;https://www.hepsiemlak.com/ankara-etimesgut-seyh-samil-kiralik/daire/46640-5764
157976-340;Kiralık;23000;3 +                              1;115;1. Kat;35;Kombi (Doğalgaz);Kat Mülkiyeti;1;3 Katlı;Evet;Boş;Gökmen Gayrimenkul;2026/05/11;Keçiören;Aşağı Eğlence Mah.;https://www.hepsiemlak.com/ankara-kecioren-asagi-eglence-kiralik/daire/157976-340
110538-3998;Kiralık;22000;3 +                              1;103;Ara Kat;30;Kombi (Doğalgaz);Kat Mülkiyeti;1;13 Katlı;Evet;Boş;Remax Note;2026/05/11;Sincan;Yunus Emre Mah.;https://www.hepsiemlak.com/ankara-sincan-yunus-emre-kiralik/daire/110538-3998
118800-328;Kiralık;39000;4 +                              1;185;2. Kat;10;Kombi (Doğalgaz);Kat Mülkiyeti;1;3 Katlı;Evet;Boş;-;2026/05/11;Gölbaşı;Karşıyaka Mah.;https://www.hepsiemlak.com/ankara-golbasi-karsiyaka-kiralik/daire/118800-328
10557-4095;Kiralık;35000;4 +                              1;145;3. Kat;25;Kombi (Doğalgaz);Kat Mülkiyeti;1;3 Katlı;Evet;Boş;E-maks Grup Gayrimenkul;2026/05/11;Çankaya;Huzur Mah.;https://www.hepsiemlak.com/ankara-cankaya-huzur-kiralik/daire/10557-4095
22559-532;Kiralık;37500;3 +                              1;145;3. Kat;24;Kombi (Doğalgaz);Kat Mülkiyeti;1;3 Katlı;Evet;Boş;-;2026/05/11;Çankaya;Hilal Mah.;https://www.hepsiemlak.com/ankara-cankaya-hilal-kiralik/daire/22559-532
164921-33;Kiralık;22500;3 +                              1;120;2. Kat;6;Kombi (Doğalgaz);Kat Mülkiyeti;1;4 Katlı;Evet;Boş;-;2026/05/11;Mamak;Fahri Korutürk Mah.;https://www.hepsiemlak.com/ankara-mamak-fahri-koruturk-kiralik/daire/164921-33
152094-75;Kiralık;75000;5 +                              1;475;Bahçe Katı;6;Kombi (Doğalgaz);Kat Mülkiyeti;1;4 Katlı;Evet;Boş;Adda Gayrimenkul;2026/05/11;Etimesgut;Yeni Bağlıca Mah.;https://www.hepsiemlak.com/ankara-etimesgut-yeni-baglica-kiralik/villa/152094-75
22551-1196;Kiralık;45000;4 +                              1;180;2. Kat;12;Kombi (Doğalgaz);Kat Mülkiyeti;1;7 Katlı;Evet;Boş;-;2026/05/11;Yenimahalle;Aşağı Yahyalar Mah.;https://www.hepsiemlak.com/ankara-yenimahalle-asagi-yahyalar-kiralik/daire/22551-1196
2626-11685;Kiralık;60000;4 +                              1;190;6. Kat;6;Kombi (Doğalgaz);Kat Mülkiyeti;1;12 Katlı;Evet;Boş;Eskıdjı Gayrimenkul/ankara Bölge Ortaklığı;2026/05/11;Etimesgut;Yeni Bağlıca Mah.;https://www.hepsiemlak.com/ankara-etimesgut-yeni-baglica-kiralik/daire/2626-11685
3298-2846;Kiralık;68000;4 +                              1;240;6. Kat;25;Kombi (Doğalgaz);Kat Mülkiyeti;1;7 Katlı;Evet;Boş;Bilkent Ata Emlak;2026/05/11;Çankaya;Koru Mah.;https://www.hepsiemlak.com/ankara-cankaya-koru-kiralik/daire/3298-2846
8790-1568;Kiralık;35000;3 +                              1;135;Giriş Katı;31;Kombi (Doğalgaz);Kat Mülkiyeti;1;3 Katlı;Evet;Boş;Borse Küçükesat;2026/05/11;Çankaya;Bağcılar Mah.;https://www.hepsiemlak.com/ankara-cankaya-bagcilar-kiralik/daire/8790-1568
2450-1795;Kiralık;28000;3 +                              1;120;3. Kat;25;Kombi (Doğalgaz);Kat Mülkiyeti;1;5 Katlı;Evet;Boş;Turyap Balgat Temsilciliği;2026/05/11;Çankaya;Ehlibeyt Mah.;https://www.hepsiemlak.com/ankara-cankaya-ehlibeyt-kiralik/daire/2450-1795
86676-2138;Kiralık;22000;3 +                              1;120;2. Kat;25;Kombi (Doğalgaz);Kat Mülkiyeti;1;3 Katlı;Evet;Boş;-;2026/05/11;Keçiören;Bağlarbaşı Mah.;https://www.hepsiemlak.com/ankara-kecioren-baglarbasi-kiralik/daire/86676-2138
3581-3992;Kiralık;69000;6 +                              1;270;4. Kat;10;Kombi (Doğalgaz);Kat Mülkiyeti;1;4 Katlı;Evet;Boş;-;2026/05/11;Çankaya;Hilal Mah.;https://www.hepsiemlak.com/ankara-cankaya-hilal-kiralik/daire/3581-3992
37957-16337;Kiralık;45000;3 +                              1;150;9. Kat;15;Kombi (Doğalgaz);Kat Mülkiyeti;1;10 Katlı;Evet;Boş;Evinbizden Gayrimenkul/3.etap;2026/05/11;Etimesgut;Şeyh Şamil Mah.;https://www.hepsiemlak.com/ankara-etimesgut-seyh-samil-kiralik/daire/37957-16337
5338-8325;Kiralık;25000;2 +                              1;100;Yüksek Giriş;25;Kombi (Doğalgaz);Kat Mülkiyeti;1;4 Katlı;Evet;Boş;Üçok Emlak;2026/05/11;Çankaya;Aşağı Öveçler Mah.;https://www.hepsiemlak.com/ankara-cankaya-asagi-ovecler-kiralik/daire/5338-8325
6024-3222;Kiralık;35000;3 +                              1;158;1. Kat;20;Kombi (Doğalgaz);Kat Mülkiyeti;1;6 Katlı;Evet;Boş;-;2026/05/11;Yenimahalle;Kentkoop Mah.;https://www.hepsiemlak.com/ankara-yenimahalle-kentkoop-kiralik/daire/6024-3222
22936-853;Kiralık;33000;2 +                              1;75;Bahçe Katı;45;Kombi (Doğalgaz);Kat Mülkiyeti;1;4 Katlı;Evet;Boş;Elçi Emlak;2026/05/11;Çankaya;Ayrancı Mah.;https://www.hepsiemlak.com/ankara-cankaya-ayranci-kiralik/daire/22936-853
16139-2824;Kiralık;25000;2 +                              1;85;Yüksek Giriş;31;Kombi (Doğalgaz);Kat Mülkiyeti;1;3 Katlı;Evet;Boş;-;2026/05/11;Çankaya;Seyranbağları Mah.;https://www.hepsiemlak.com/ankara-cankaya-seyranbaglari-kiralik/daire/16139-2824
122845-3921;Kiralık;31000;2 +                              1;80;Yarı Bodrum;6;Kombi (Doğalgaz);Kat Mülkiyeti;1;3 Katlı;Evet;Boş;Cemax Emlak Merkez;2026/05/11;Mamak;Altıağaç Mah.;https://www.hepsiemlak.com/ankara-mamak-altiagac-kiralik/daire/122845-3921
10487-4611;Kiralık;38000;3 +                              1;120;3. Kat;26;Kombi (Doğalgaz);Kat Mülkiyeti;1;4 Katlı;Evet;Boş;Koza Emlak;2026/05/11;Çankaya;Esatoğlu Mah.;https://www.hepsiemlak.com/ankara-cankaya-esatoglu-kiralik/daire/10487-4611
3240-14479;Kiralık;50000;3 +                              1;150;1. Kat;20;Kombi (Doğalgaz);Kat Mülkiyeti;1;4 Katlı;Evet;Boş;Borsem Dikmen;2026/05/11;Çankaya;Aşağı Öveçler Mah.;https://www.hepsiemlak.com/ankara-cankaya-asagi-ovecler-kiralik/daire/3240-14479
165070-61;Kiralık;20500;3 +                              1;120;Yarı Bodrum;5;Kombi (Doğalgaz);Kat Mülkiyeti;1;3 Katlı;Evet;Boş;-;2026/05/11;Mamak;Bostancık Mah.;https://www.hepsiemlak.com/ankara-mamak-bostancik-kiralik/daire/165070-61
56007-3196;Kiralık;32000;2 +                              1;95;1. Kat;45;Kombi (Doğalgaz);Kat Mülkiyeti;1;4 Katlı;Evet;Boş;Kaçmaz Emlak Çankaya Temsilciliği;2026/05/11;Çankaya;Ayrancı Mah.;https://www.hepsiemlak.com/ankara-cankaya-ayranci-kiralik/daire/56007-3196
132621-1918;Kiralık;19000;1 +                              1;50;3. Kat;Sıfır Bina;Kombi (Doğalgaz);Kat Mülkiyeti;1;6 Katlı;Evet;Boş;Remax Safe;2026/05/11;Çubuk;Esenboğa Merkez Mah.;https://www.hepsiemlak.com/ankara-cubuk-esenboga-merkez-kiralik/daire/132621-1918
3240-14479;Kiralık;50000;3 +                              1;150;1. Kat;20;Kombi (Doğalgaz);Kat Mülkiyeti;1;4 Katlı;Evet;Boş;Borsem Dikmen;2026/05/11;Çankaya;Aşağı Öveçler Mah.;https://www.hepsiemlak.com/ankara-cankaya-asagi-ovecler-kiralik/daire/3240-14479
2670-2244;Kiralık;51000;2 +                              1;95;2. Kat;35;Kombi (Doğalgaz);Kat Mülkiyeti;1;3 Katlı;Evet;Boş;-;2026/05/11;Çankaya;Emek Mah.;https://www.hepsiemlak.com/ankara-cankaya-emek-kiralik/daire/2670-2244
10601-1956;Kiralık;28000;3 +                              1;124;1. Kat;39;Kombi (Doğalgaz);Kat Mülkiyeti;1;3 Katlı;Evet;Boş;-;2026/05/11;Çankaya;100. Yıl Mah.;https://www.hepsiemlak.com/ankara-cankaya-100-yil-kiralik/daire/10601-1956
58364-4505;Kiralık;26500;3 +                              1;135;3. Kat;16;Kombi (Doğalgaz);Kat Mülkiyeti;1;4 Katlı;Evet;Boş;Marqa Gayrimenkul;2026/05/11;Keçiören;Kuşcağız Mah.;https://www.hepsiemlak.com/ankara-kecioren-kuscagiz-kiralik/daire/58364-4505
42575-701;Kiralık;25000;3 +                              1;115;3. Kat;45;Kombi (Doğalgaz);Kat Mülkiyeti;1;3 Katlı;Evet;Boş;-;2026/05/11;Mamak;Demirlibahçe Mah.;https://www.hepsiemlak.com/ankara-mamak-demirlibahce-kiralik/daire/42575-701
128927-179;Kiralık;37000;2 +                              1;90;Yüksek Giriş;31;Kombi (Doğalgaz);Kat Mülkiyeti;1;4 Katlı;Evet;Boş;-;2026/05/11;Çankaya;Kavaklıdere Mah.;https://www.hepsiemlak.com/ankara-cankaya-kavaklidere-kiralik/daire/128927-179
9089-3519;Kiralık;21000;3 +                              1;110;Kot 2;28;Kombi (Doğalgaz);Kat Mülkiyeti;1;3 Katlı;Evet;Boş;Çankaya Gayrimenkul;2026/05/11;Çankaya;Osman Temiz Mah.;https://www.hepsiemlak.com/ankara-cankaya-osman-temiz-kiralik/daire/9089-3519
10580-6458;Kiralık;28000;3 +                              1;160;Kot 1;25;Kombi (Doğalgaz);Kat Mülkiyeti;1;3 Katlı;Evet;Boş;Çağnes Gayrimenkul;2026/05/11;Çankaya;Bağcılar Mah.;https://www.hepsiemlak.com/ankara-cankaya-bagcilar-kiralik/daire/10580-6458
46791-374;Kiralık;32000;3 +                              1;140;7. Kat;6;Kombi (Doğalgaz);Kat Mülkiyeti;1;10 Katlı;Evet;Boş;-;2026/05/11;Yenimahalle;Kaletepe Mah.;https://www.hepsiemlak.com/ankara-yenimahalle-kaletepe-kiralik/daire/46791-374
4380-12439;Kiralık;32000;2 +                              1;100;2. Kat;35;Kombi (Doğalgaz);Kat Mülkiyeti;1;2 Katlı;Evet;Boş;Polat Emlak;2026/05/11;Çankaya;Aydınlar Mah.;https://www.hepsiemlak.com/ankara-cankaya-aydinlar-kiralik/daire/4380-12439
129045-639;Kiralık;47500;3 +                              1;130;2. Kat;31;Kombi (Doğalgaz);Kat Mülkiyeti;1;4 Katlı;Evet;Boş;Coldwell Banker Erva;2026/05/11;Çankaya;Çankaya Mah.;https://www.hepsiemlak.com/ankara-cankaya-cankaya-kiralik/daire/129045-639
129045-640;Kiralık;30750;3 +                              1;110;2. Kat;26;Kombi (Doğalgaz);Kat Mülkiyeti;1;2 Katlı;Evet;Boş;Coldwell Banker Erva;2026/05/11;Yenimahalle;İnönü Mah.;https://www.hepsiemlak.com/ankara-yenimahalle-inonu-kiralik/daire/129045-640
63021-8758;Kiralık;32000;2 +                              1;100;2. Kat;33;Kombi (Doğalgaz);Kat Mülkiyeti;1;2 Katlı;Evet;Boş;Polat Emlak Dikmen Şubesi;2026/05/11;Çankaya;Aydınlar Mah.;https://www.hepsiemlak.com/ankara-cankaya-aydinlar-kiralik/daire/63021-8758
148606-411;Kiralık;42000;3 +                              1;105;7. Kat;1;Kombi (Doğalgaz);Kat Mülkiyeti;1;10 Katlı;Evet;Boş;-;2026/05/11;Keçiören;Kamil Ocak Mah.;https://www.hepsiemlak.com/ankara-kecioren-kamil-ocak-kiralik/daire/148606-411
8006-1469;Kiralık;34000;3 +                              1;120;1. Kat;21;Kombi (Doğalgaz);Kat Mülkiyeti;1;2 Katlı;Evet;Boş;Extra Yatırım Gayrimenkul;2026/05/11;Keçiören;Kavacık Subayevleri Mah.;https://www.hepsiemlak.com/ankara-kecioren-kavacik-subayevleri-kiralik/daire/8006-1469
128501-2446;Kiralık;26000;3 +                              1;120;2. Kat;16;Kombi (Doğalgaz);Kat Mülkiyeti;1;3 Katlı;Evet;Boş;Extra Doğu Gayrimenkul;2026/05/11;Mamak;General Zeki Doğan Mah.;https://www.hepsiemlak.com/ankara-mamak-general-zeki-dogan-kiralik/daire/128501-2446
80588-1914;Kiralık;20000;3 +                              0;110;1. Kat;40;Kombi (Doğalgaz);Kat Mülkiyeti;1;3 Katlı;Evet;Boş;Çayır Emlak;2026/05/11;Çankaya;Cebeci Mah.;https://www.hepsiemlak.com/ankara-cankaya-cebeci-kiralik/daire/80588-1914
1612-3404;Kiralık;55000;2 +                              1;95;Kot 1;25;Kombi (Doğalgaz);Kat Mülkiyeti;1;3 Katlı;Evet;Boş;Ata Gayrimenkul;2026/05/11;Çankaya;Bahçelievler Mah.;https://www.hepsiemlak.com/ankara-cankaya-bahcelievler-kiralik/daire/1612-3404
136890-853;Kiralık;30000;1 +                              1;60;3. Kat;2;Kombi (Doğalgaz);Kat Mülkiyeti;1;13 Katlı;Evet;Boş;Biens Bağlıca Gayrimenkul;2026/05/11;Etimesgut;Yeni Bağlıca Mah.;https://www.hepsiemlak.com/ankara-etimesgut-yeni-baglica-kiralik/daire/136890-853
37640-14223;Kiralık;20000;2 +                              1;85;Yüksek Giriş;25;Kombi (Doğalgaz);Kat Mülkiyeti;1;3 Katlı;Evet;Boş;Ankara Gayrimenkul;2026/05/11;Etimesgut;30 Ağustos Mah.;https://www.hepsiemlak.com/ankara-etimesgut-30-agustos-kiralik/daire/37640-14223
16407-12285;Kiralık;20500;3 +                              1;100;Yüksek Giriş;20;Kombi (Doğalgaz);Kat Mülkiyeti;1;3 Katlı;Evet;Boş;Akif Emlak;2026/05/11;Etimesgut;Topçu Mah.;https://www.hepsiemlak.com/ankara-etimesgut-topcu-kiralik/daire/16407-12285
136254-590;Kiralık;38500;2 +                              1;110;Yüksek Giriş;16;Kombi (Doğalgaz);Kat Mülkiyeti;1;3 Katlı;Evet;Boş;Ay Emlak;2026/05/11;Çankaya;Nasuh Akar Mah.;https://www.hepsiemlak.com/ankara-cankaya-nasuh-akar-kiralik/daire/136254-590
132621-1923;Kiralık;25000;3 +                              1;110;3. Kat;16;Kombi (Doğalgaz);Kat Mülkiyeti;1;3 Katlı;Evet;Boş;Remax Safe;2026/05/11;Keçiören;Ufuktepe Mah.;https://www.hepsiemlak.com/ankara-kecioren-ufuktepe-kiralik/daire/132621-1923
56708-958;Kiralık;36500;3 +                              1;130;Yüksek Giriş;50;Kombi (Doğalgaz);Kat Mülkiyeti;1;4 Katlı;Evet;Boş;Gönül Kılıçman Gayrimenkul Danışmanlık;2026/05/11;Çankaya;Remzi Oğuz Arık Mah.;https://www.hepsiemlak.com/ankara-cankaya-remzi-oguz-arik-kiralik/daire/56708-958
136890-853;Kiralık;30000;1 +                              1;60;3. Kat;2;Kombi (Doğalgaz);Kat Mülkiyeti;1;13 Katlı;Evet;Boş;Biens Bağlıca Gayrimenkul;2026/05/11;Etimesgut;Yeni Bağlıca Mah.;https://www.hepsiemlak.com/ankara-etimesgut-yeni-baglica-kiralik/daire/136890-853
56708-958;Kiralık;36500;3 +                              1;130;Yüksek Giriş;50;Kombi (Doğalgaz);Kat Mülkiyeti;1;4 Katlı;Evet;Boş;Gönül Kılıçman Gayrimenkul Danışmanlık;2026/05/11;Çankaya;Remzi Oğuz Arık Mah.;https://www.hepsiemlak.com/ankara-cankaya-remzi-oguz-arik-kiralik/daire/56708-958
64413-5122;Kiralık;30000;3 +                              1;120;1. Kat;45;Kombi (Doğalgaz);Kat Mülkiyeti;1;4 Katlı;Evet;Boş;And Emlak;2026/05/11;Çankaya;Güvenevler Mah.;https://www.hepsiemlak.com/ankara-cankaya-guvenevler-kiralik/daire/64413-5122
47587-1168;Kiralık;63000;4 +                              1;180;3. Kat;45;Kombi (Doğalgaz);Kat Mülkiyeti;1;4 Katlı;Evet;Boş;Veta Emlak Danışmanlık Pazarlama;2026/05/11;Çankaya;Oran Mah.;https://www.hepsiemlak.com/ankara-cankaya-oran-kiralik/daire/47587-1168
9751-1612;Kiralık;30000;2 +                              1;90;5. Kat;36;Kombi (Doğalgaz);Kat Mülkiyeti;1;6 Katlı;Evet;Boş;Tem Emlak;2026/05/11;Çankaya;Seyranbağları Mah.;https://www.hepsiemlak.com/ankara-cankaya-seyranbaglari-kiralik/daire/9751-1612
17811-8076;Kiralık;35000;4 +                              1;140;3. Kat;25;Kombi (Doğalgaz);Kat Mülkiyeti;1;3 Katlı;Evet;Boş;Sinem Emlak;2026/05/11;Çankaya;Huzur Mah.;https://www.hepsiemlak.com/ankara-cankaya-huzur-kiralik/daire/17811-8076
6792-4953;Kiralık;40000;1 +                              1;48;Yüksek Giriş;8;Kombi (Doğalgaz);Kat Mülkiyeti;1;3 Katlı;Evet;Boş;Ulusoy Emlak;2026/05/11;Çankaya;Bahçelievler Mah.;https://www.hepsiemlak.com/ankara-cankaya-bahcelievler-kiralik/daire/6792-4953
5554-5165;Kiralık;110000;6 +                              1;400;;2;Kombi (Doğalgaz);Kat Mülkiyeti;1;3 Katlı;Evet;Boş;Usta Emlak Müşavirliği;2026/05/11;Gölbaşı;Bahçelievler Mah.;https://www.hepsiemlak.com/ankara-golbasi-bahcelievler-kiralik/villa/5554-5165
14777-5720;Kiralık;50000;3 +                              1;130;3. Kat;22;Kombi (Doğalgaz);Kat Mülkiyeti;1;4 Katlı;Evet;Boş;Tovaç Emlak;2026/05/11;Çankaya;Sancak Mah.;https://www.hepsiemlak.com/ankara-cankaya-sancak-kiralik/daire/14777-5720
4209-2320;Kiralık;33000;3 +                              1;90;Yüksek Giriş;27;Kombi (Doğalgaz);Kat Mülkiyeti;1;4 Katlı;Evet;Boş;Özdemir Emlak;2026/05/11;Çankaya;Yukarı Bahçelievler Mah.;https://www.hepsiemlak.com/ankara-cankaya-yukari-bahcelievler-kiralik/daire/4209-2320
40002-6953;Kiralık;20000;3 +                              1;110;1. Kat;28;Kombi (Doğalgaz);Kat Mülkiyeti;1;2 Katlı;Evet;Boş;Remax Deniz;2026/05/11;Elmadağ;Yenipınar Mah.;https://www.hepsiemlak.com/ankara-elmadag-yenipinar-kiralik/daire/40002-6953
90000-1011;Kiralık;25000;1 +                              1;50;1. Kat;Sıfır Bina;Kombi (Doğalgaz);Kat Mülkiyeti;1;3 Katlı;Evet;Boş;Coldwell Banker Evo;2026/05/11;Gölbaşı;İncek Mah.;https://www.hepsiemlak.com/ankara-golbasi-incek-kiralik/daire/90000-1011
37640-14221;Kiralık;21000;3 +                              1;110;3. Kat;18;Kombi (Doğalgaz);Kat Mülkiyeti;1;3 Katlı;Evet;Boş;Ankara Gayrimenkul;2026/05/11;Etimesgut;Elvan Mah.;https://www.hepsiemlak.com/ankara-etimesgut-elvan-kiralik/daire/37640-14221
146714-413;Kiralık;40000;2 +                              1;75;2. Kat;Sıfır Bina;Kombi (Doğalgaz);Kat Mülkiyeti;1;4 Katlı;Evet;Boş;Bonus Emlak;2026/05/11;Çankaya;Cebeci Mah.;https://www.hepsiemlak.com/ankara-cankaya-cebeci-kiralik/daire/146714-413
88053-6578;Kiralık;42000;3 +                              1;110;1. Kat;31;Kombi (Doğalgaz);Kat Mülkiyeti;1;3 Katlı;Evet;Boş;Arel Emlak;2026/05/11;Çankaya;Yukarı Bahçelievler Mah.;https://www.hepsiemlak.com/ankara-cankaya-yukari-bahcelievler-kiralik/daire/88053-6578
118398-1043;Kiralık;38000;2 +                              1;82;7. Kat;Sıfır Bina;Kombi (Doğalgaz);Kat Mülkiyeti;1;14 Katlı;Evet;Boş;Aganta Gayrimenkul;2026/05/11;Etimesgut;Yeşilova Mah.;https://www.hepsiemlak.com/ankara-etimesgut-yesilova-kiralik/daire/118398-1043
3920-12137;Kiralık;71000;2 +                              1;130;Ara Kat;25;Kombi (Doğalgaz);Kat Mülkiyeti;1;24 Katlı;Evet;Boş;Remax Tower;2026/05/11;Çankaya;İşçi Blokları Mah.;https://www.hepsiemlak.com/ankara-cankaya-isci-bloklari-kiralik/residence/3920-12137
44819-2324;Kiralık;30000;3 +                              1;130;1. Kat;38;Kombi (Doğalgaz);Kat Mülkiyeti;1;4 Katlı;Evet;Boş;Tuncay Gayrimenkul;2026/05/11;Çankaya;İlkadım Mah.;https://www.hepsiemlak.com/ankara-cankaya-ilkadim-kiralik/daire/44819-2324
17197-2851;Kiralık;40000;2 +                              1;110;2. Kat;35;Kombi (Doğalgaz);Kat Mülkiyeti;1;10 Katlı;Evet;Boş;Yücel Emlak Ofisi - Fakıoğlu Mfo Grup;2026/05/11;Çankaya;Oğuzlar Mah.;https://www.hepsiemlak.com/ankara-cankaya-oguzlar-kiralik/daire/17197-2851
135139-1210;Kiralık;55000;4 +                              1;185;11. Kat;10;Kombi (Doğalgaz);Kat Mülkiyeti;1;11 Katlı;Evet;Boş;-;2026/05/11;Çankaya;Alacaatlı Mah.;https://www.hepsiemlak.com/ankara-cankaya-alacaatli-kiralik/daire/135139-1210
110538-4120;Kiralık;19450;1 +                              1;55;7. Kat;1;Kombi (Doğalgaz);Kat Mülkiyeti;1;8 Katlı;Evet;Boş;Remax Note;2026/05/11;Çubuk;Esenboğa Merkez Mah.;https://www.hepsiemlak.com/ankara-cubuk-esenboga-merkez-kiralik/daire/110538-4120
96259-544;Kiralık;72000;2 +                              1;103;17. Kat;2;Kombi (Doğalgaz);Kat Mülkiyeti;1;32 Katlı;Evet;Boş;-;2026/05/11;Çankaya;Çukurambar Mah.;https://www.hepsiemlak.com/ankara-cankaya-cukurambar-kiralik/daire/96259-544
9434-3363;Kiralık;25000;3 +                              1;135;2. Kat;40;Kombi (Doğalgaz);Kat Mülkiyeti;1;3 Katlı;Evet;Boş;-;2026/05/11;Keçiören;Aşağı Eğlence Mah.;https://www.hepsiemlak.com/ankara-kecioren-asagi-eglence-kiralik/daire/9434-3363
19104-1858;Kiralık;20000;2 +                              1;100;En Üst Kat;35;Kombi (Doğalgaz);Kat Mülkiyeti;1;3 Katlı;Evet;Boş;-;2026/05/11;Keçiören;Aşağı Eğlence Mah.;https://www.hepsiemlak.com/ankara-kecioren-asagi-eglence-kiralik/daire/19104-1858
19104-1858;Kiralık;20000;2 +                              1;100;En Üst Kat;35;Kombi (Doğalgaz);Kat Mülkiyeti;1;3 Katlı;Evet;Boş;-;2026/05/11;Keçiören;Aşağı Eğlence Mah.;https://www.hepsiemlak.com/ankara-kecioren-asagi-eglence-kiralik/daire/19104-1858
113388-4129;Kiralık;21000;3 +                              1;100;Yüksek Giriş;20;Kombi (Doğalgaz);Kat Mülkiyeti;1;3 Katlı;Evet;Boş;Emre Emlak Elvankent;2026/05/11;Etimesgut;Topçu Mah.;https://www.hepsiemlak.com/ankara-etimesgut-topcu-kiralik/daire/113388-4129
158193-393;Kiralık;25000;1 +                              1;50;Bahçe Katı;Sıfır Bina;Kombi (Doğalgaz);Kat Mülkiyeti;1;2 Katlı;Evet;Boş;Alaçatı Proje Evora Invest;2026/05/11;Gölbaşı;Taşpınar Mah.;https://www.hepsiemlak.com/ankara-golbasi-taspinar-kiralik/daire/158193-393
24107-1507;Kiralık;49500;3 +                              1;125;2. Kat;40;Kombi (Doğalgaz);Kat Mülkiyeti;1;3 Katlı;Evet;Boş;Atak Emlak;2026/05/11;Çankaya;Güvenevler Mah.;https://www.hepsiemlak.com/ankara-cankaya-guvenevler-kiralik/daire/24107-1507
14225-3096;Kiralık;35000;3 +                              1;120;Ara Kat;25;Kombi (Doğalgaz);Kat Mülkiyeti;1;3 Katlı;Evet;Boş;Emlak Denizi/ankara Gayrimenkul;2026/05/11;Çankaya;Mürsel Uluç Mah.;https://www.hepsiemlak.com/ankara-cankaya-mursel-uluc-kiralik/daire/14225-3096
46640-5766;Kiralık;35000;3 +                              1;149;7. Kat;18;Kombi (Doğalgaz);Kat Mülkiyeti;1;10 Katlı;Evet;Boş;-;2026/05/11;Etimesgut;Şeyh Şamil Mah.;https://www.hepsiemlak.com/ankara-etimesgut-seyh-samil-kiralik/daire/46640-5766
105502-2238;Kiralık;28000;3 +                              1;120;3. Kat;6;Kombi (Doğalgaz);Kat Mülkiyeti;1;3 Katlı;Evet;Boş;-;2026/05/11;Mamak;Gülveren Mah.;https://www.hepsiemlak.com/ankara-mamak-gulveren-kiralik/daire/105502-2238
58419-4096;Kiralık;42000;8 +                              1;280;Yüksek Giriş;30;Kombi (Doğalgaz);Kat Mülkiyeti;1;2 Katlı;Evet;Boş;Borsem Gaziosmanpaşa;2026/05/11;Çankaya;Bağcılar Mah.;https://www.hepsiemlak.com/ankara-cankaya-bagcilar-kiralik/daire/58419-4096
28888-1996;Kiralık;22000;2 +                              1;85;10. Kat;16;Kombi (Doğalgaz);Kat Mülkiyeti;1;12 Katlı;Evet;Boş;Irmak Emlak Yapracık;2026/05/11;Etimesgut;Atayurt Mah.;https://www.hepsiemlak.com/ankara-etimesgut-atayurt-kiralik/daire/28888-1996
4542-1452;Kiralık;25000;3 +                              1;110;2. Kat;16;Kombi (Doğalgaz);Kat Mülkiyeti;1;4 Katlı;Evet;Boş;Grand Alaca Gayrimenkul;2026/05/11;Etimesgut;30 Ağustos Mah.;https://www.hepsiemlak.com/ankara-etimesgut-30-agustos-kiralik/daire/4542-1452
10557-4125;Kiralık;35000;4 +                              1;170;4. Kat;21;Kombi (Doğalgaz);Kat Mülkiyeti;1;4 Katlı;Evet;Boş;E-maks Grup Gayrimenkul;2026/05/11;Çankaya;Huzur Mah.;https://www.hepsiemlak.com/ankara-cankaya-huzur-kiralik/daire/10557-4125
130591-1693;Kiralık;100000;4 +                              1;205;8. Kat;11;Kombi (Doğalgaz);Kat Mülkiyeti;1;30 Katlı;Evet;Boş;Remax One;2026/05/11;Çankaya;Oran Mah.;https://www.hepsiemlak.com/ankara-cankaya-oran-kiralik/daire/130591-1693
97895-2237;Kiralık;24000;2 +                              1;85;8. Kat;13;Kombi (Doğalgaz);Kat Mülkiyeti;1;8 Katlı;Evet;Boş;Epa Egemen Gayrimenkul;2026/05/11;Etimesgut;Yapracık Mah.;https://www.hepsiemlak.com/ankara-etimesgut-yapracik-kiralik/daire/97895-2237
16512-2683;Kiralık;45000;3 +                              1;130;2. Kat;35;Kombi (Doğalgaz);Kat Mülkiyeti;1;4 Katlı;Evet;Boş;-;2026/05/11;Çankaya;Bahçelievler Mah.;https://www.hepsiemlak.com/ankara-cankaya-bahcelievler-kiralik/daire/16512-2683
17943-1531;Kiralık;40000;2 +                              1;75;Ara Kat;1;Kombi (Doğalgaz);Kat Mülkiyeti;1;5 Katlı;Evet;Boş;-;2026/05/11;Çankaya;Anıttepe Mah.;https://www.hepsiemlak.com/ankara-cankaya-anittepe-kiralik/daire/17943-1531
133065-53;Kiralık;16500;1 +                              1;55;2. Kat;Sıfır Bina;Kombi (Doğalgaz);Kat Mülkiyeti;1;3 Katlı;Evet;Boş;-;2026/05/11;Çubuk;Esenboğa Merkez Mah.;https://www.hepsiemlak.com/ankara-cubuk-esenboga-merkez-kiralik/daire/133065-53
2626-11663;Kiralık;32000;1 +                              1;65;4. Kat;6;Kombi (Doğalgaz);Kat Mülkiyeti;1;12 Katlı;Evet;Boş;Eskıdjı Gayrimenkul/ankara Bölge Ortaklığı;2026/05/11;Etimesgut;Yeni Bağlıca Mah.;https://www.hepsiemlak.com/ankara-etimesgut-yeni-baglica-kiralik/daire/2626-11663
4480-25914;Kiralık;19000;3 +                              1;125;Giriş Katı;20;Kombi (Doğalgaz);Kat Mülkiyeti;1;3 Katlı;Evet;Boş;Düzgün Emlak;2026/05/11;Pursaklar;Fatih Mah.;https://www.hepsiemlak.com/ankara-pursaklar-fatih-kiralik/daire/4480-25914
5338-8332;Kiralık;30000;3 +                              1;110;Yüksek Giriş;30;Kombi (Doğalgaz);Kat Mülkiyeti;1;3 Katlı;Evet;Boş;Üçok Emlak;2026/05/11;Çankaya;Aşağı Öveçler Mah.;https://www.hepsiemlak.com/ankara-cankaya-asagi-ovecler-kiralik/daire/5338-8332
93678-9625;Kiralık;20000;3 +                              1;115;Kot 1;25;Kombi (Doğalgaz);Kat Mülkiyeti;1;3 Katlı;Evet;Boş;-;2026/05/11;Keçiören;Ayvalı Mah.;https://www.hepsiemlak.com/ankara-kecioren-ayvali-kiralik/daire/93678-9625
3298-2848;Kiralık;70000;4 +                              1;173;12. Kat;10;Kombi (Doğalgaz);Kat Mülkiyeti;1;14 Katlı;Evet;Boş;Bilkent Ata Emlak;2026/05/11;Çankaya;Beytepe Mah.;https://www.hepsiemlak.com/ankara-cankaya-beytepe-kiralik/daire/3298-2848
121228-2027;Kiralık;15000;2 +                              1;85;Giriş Katı;31;Kombi (Doğalgaz);Kat Mülkiyeti;1;3 Katlı;Evet;Boş;Mutlu Şahinkul Gayrimenkul;2026/05/11;Mamak;Aşık Veysel Mah.;https://www.hepsiemlak.com/ankara-mamak-asik-veysel-kiralik/daire/121228-2027
16139-2823;Kiralık;25000;3 +                              1;120;4. Kat;31;Kombi (Doğalgaz);Kat Mülkiyeti;1;7 Katlı;Evet;Boş;-;2026/05/11;Çankaya;Erzurum Mah.;https://www.hepsiemlak.com/ankara-cankaya-erzurum-kiralik/daire/16139-2823
37957-16392;Kiralık;27500;3 +                              1;105;2. Kat;30;Kombi (Doğalgaz);Kat Mülkiyeti;1;3 Katlı;Evet;Boş;Evinbizden Gayrimenkul/3.etap;2026/05/11;Etimesgut;Şeyh Şamil Mah.;https://www.hepsiemlak.com/ankara-etimesgut-seyh-samil-kiralik/daire/37957-16392
16139-2823;Kiralık;25000;3 +                              1;120;4. Kat;31;Kombi (Doğalgaz);Kat Mülkiyeti;1;7 Katlı;Evet;Boş;-;2026/05/11;Çankaya;Erzurum Mah.;https://www.hepsiemlak.com/ankara-cankaya-erzurum-kiralik/daire/16139-2823
37957-16392;Kiralık;27500;3 +                              1;105;2. Kat;30;Kombi (Doğalgaz);Kat Mülkiyeti;1;3 Katlı;Evet;Boş;Evinbizden Gayrimenkul/3.etap;2026/05/11;Etimesgut;Şeyh Şamil Mah.;https://www.hepsiemlak.com/ankara-etimesgut-seyh-samil-kiralik/daire/37957-16392
8790-1566;Kiralık;44000;2 +                              1;100;Giriş Katı;31;Kombi (Doğalgaz);Kat Mülkiyeti;1;3 Katlı;Evet;Boş;Borse Küçükesat;2026/05/11;Çankaya;Esatoğlu Mah.;https://www.hepsiemlak.com/ankara-cankaya-esatoglu-kiralik/daire/8790-1566
47587-1108;Kiralık;70000;3 +                              1;135;5. Kat;35;Kombi (Doğalgaz);Kat Mülkiyeti;1;8 Katlı;Evet;Boş;Veta Emlak Danışmanlık Pazarlama;2026/05/11;Çankaya;Oran Mah.;https://www.hepsiemlak.com/ankara-cankaya-oran-kiralik/daire/47587-1108
122845-3923;Kiralık;30000;2 +                              1;80;Yarı Bodrum;31;Kombi (Doğalgaz);Kat Mülkiyeti;1;3 Katlı;Evet;Boş;Cemax Emlak Merkez;2026/05/11;Mamak;Balkiraz Mah.;https://www.hepsiemlak.com/ankara-mamak-balkiraz-kiralik/daire/122845-3923
37640-14220;Kiralık;22000;3 +                              1;110;3. Kat;18;Kombi (Doğalgaz);Kat Mülkiyeti;1;3 Katlı;Evet;Boş;Ankara Gayrimenkul;2026/05/11;Etimesgut;Elvan Mah.;https://www.hepsiemlak.com/ankara-etimesgut-elvan-kiralik/daire/37640-14220
88053-6568;Kiralık;65000;4 +                              1;200;9. Kat;6;Kombi (Doğalgaz);Kat Mülkiyeti;1;10 Katlı;Evet;Boş;Arel Emlak;2026/05/11;Etimesgut;Yeni Bağlıca Mah.;https://www.hepsiemlak.com/ankara-etimesgut-yeni-baglica-kiralik/daire/88053-6568
3920-12136;Kiralık;71000;2 +                              1;130;21 ve üzeri;21;Kombi (Doğalgaz);Kat Mülkiyeti;1;25 Katlı;Evet;Boş;Remax Tower;2026/05/11;Çankaya;İşçi Blokları Mah.;https://www.hepsiemlak.com/ankara-cankaya-isci-bloklari-kiralik/residence/3920-12136
118398-1023;Kiralık;39500;2 +                              1;78;6. Kat;Sıfır Bina;Kombi (Doğalgaz);Kat Mülkiyeti;1;7 Katlı;Evet;Boş;Aganta Gayrimenkul;2026/05/11;Yenimahalle;İnönü Mah.;https://www.hepsiemlak.com/ankara-yenimahalle-inonu-kiralik/daire/118398-1023
129045-634;Kiralık;27000;1 +                              1;65;5. Kat;5;Kombi (Doğalgaz);Kat Mülkiyeti;1;14 Katlı;Evet;Boş;Coldwell Banker Erva;2026/05/11;Çankaya;Alacaatlı Mah.;https://www.hepsiemlak.com/ankara-cankaya-alacaatli-kiralik/daire/129045-634
6175-1198;Kiralık;19000;2 +                              1;90;Giriş Katı;35;Kombi (Doğalgaz);Kat Mülkiyeti;1;3 Katlı;Evet;Boş;Bizim Emlak;2026/05/11;Keçiören;Aşağı Eğlence Mah.;https://www.hepsiemlak.com/ankara-kecioren-asagi-eglence-kiralik/daire/6175-1198
79831-1680;Kiralık;36500;2 +                              1;90;2. Kat;Sıfır Bina;Kombi (Doğalgaz);Kat Mülkiyeti;1;4 Katlı;Evet;Boş;-;2026/05/11;Sincan;Gökçek Mah.;https://www.hepsiemlak.com/ankara-sincan-gokcek-kiralik/daire/79831-1680
102593-1182;Kiralık;49000;1 +                              1;45;1. Kat;Sıfır Bina;Kombi (Doğalgaz);Kat Mülkiyeti;1;3 Katlı;Evet;Boş;-;2026/05/11;Çankaya;Mebusevleri Mah.;https://www.hepsiemlak.com/ankara-cankaya-mebusevleri-kiralik/daire/102593-1182
4209-2528;Kiralık;38000;2 +                              1;65;Zemin;6;Kombi (Doğalgaz);Kat Mülkiyeti;1;5 Katlı;Evet;Boş;Özdemir Emlak;2026/05/11;Çankaya;Emek Mah.;https://www.hepsiemlak.com/ankara-cankaya-emek-kiralik/daire/4209-2528
40002-6954;Kiralık;67000;4 +                              1;178;1. Kat;7;Kombi (Doğalgaz);Kat Mülkiyeti;1;11 Katlı;Evet;Boş;Remax Deniz;2026/05/11;Çankaya;Keklik Pınarı Mah.;https://www.hepsiemlak.com/ankara-cankaya-keklik-pinari-kiralik/daire/40002-6954
110538-4134;Kiralık;22000;3 +                              1;140;1. Kat;18;Kombi (Doğalgaz);Kat Mülkiyeti;1;2 Katlı;Evet;Boş;Remax Note;2026/05/11;Altındağ;Karapürçek Mah.;https://www.hepsiemlak.com/ankara-altindag-karapurcek-kiralik/daire/110538-4134
90000-1029;Kiralık;79500;4 +                              1;300;Bahçe Katı;16;Kombi (Doğalgaz);Kat Mülkiyeti;1;2 Katlı;Evet;Boş;Coldwell Banker Evo;2026/05/11;Çankaya;Çayyolu Mah.;https://www.hepsiemlak.com/ankara-cankaya-cayyolu-kiralik/villa/90000-1029
5554-5140;Kiralık;32500;3 +                              1;110;Yüksek Giriş;35;Kombi (Doğalgaz);Kat Mülkiyeti;1;5 Katlı;Evet;Boş;Usta Emlak Müşavirliği;2026/05/11;Çankaya;İşçi Blokları Mah.;https://www.hepsiemlak.com/ankara-cankaya-isci-bloklari-kiralik/daire/5554-5140
158193-392;Kiralık;24000;1 +                              1;48;1. Kat;Sıfır Bina;Kombi (Doğalgaz);Kat Mülkiyeti;1;2 Katlı;Evet;Boş;Alaçatı Proje Evora Invest;2026/05/11;Gölbaşı;Taşpınar Mah.;https://www.hepsiemlak.com/ankara-golbasi-taspinar-kiralik/daire/158193-392
6792-5019;Kiralık;31000;1 +                              1;45;Kot 2;4;Kombi (Doğalgaz);Kat Mülkiyeti;1;3 Katlı;Evet;Boş;Ulusoy Emlak;2026/05/11;Çankaya;Emek Mah.;https://www.hepsiemlak.com/ankara-cankaya-emek-kiralik/daire/6792-5019
7000-4850;Kiralık;40500;3 +                              1;135;3. Kat;16;Kombi (Doğalgaz);Kat Mülkiyeti;1;9 Katlı;Evet;Boş;Batıkent Emlak;2026/05/11;Yenimahalle;Kardelen Mah.;https://www.hepsiemlak.com/ankara-yenimahalle-kardelen-kiralik/daire/7000-4850
130641-1453;Kiralık;17000;1 +                              1;65;1. Kat;Sıfır Bina;Kombi (Doğalgaz);Kat Mülkiyeti;1;2 Katlı;Evet;Boş;Şimşek Emlak;2026/05/11;Çubuk;Esenboğa Merkez Mah.;https://www.hepsiemlak.com/ankara-cubuk-esenboga-merkez-kiralik/daire/130641-1453
5235-10258;Kiralık;20000;3 +                              1;110;Kot 2;25;Kombi (Doğalgaz);Kat Mülkiyeti;1;2 Katlı;Evet;Boş;Güven Gayrimenkul;2026/05/11;Çankaya;Osman Temiz Mah.;https://www.hepsiemlak.com/ankara-cankaya-osman-temiz-kiralik/daire/5235-10258
166162-54;Kiralık;27000;3 +                              1;138;2. Kat;5;Kombi (Doğalgaz);Kat Mülkiyeti;1;3 Katlı;Evet;Boş;-;2026/05/11;Sincan;Fevzi Çakmak Mah.;https://www.hepsiemlak.com/ankara-sincan-fevzi-cakmak-kiralik/daire/166162-54
